Keyword,Ad group,Volume,CPC (USD),Intent,Match sugerido,Fonte,Observacao
sapatilha aquatica,sapatilha-aquatica-compra,12100,0.04,Commercial,Phrase,kw-manager,
sapatilha aquática,sapatilha-aquatica-compra,3600,0.04,Commercial,Phrase,kw-manager,
sapatilha nautica,sapatilha-aquatica-compra,2400,0.04,"Informational, Transactional",Phrase,kw-manager,
sapatilha aquatica feminina,sapatilha-aquatica-compra,1600,0.03,Commercial,Phrase,kw-manager,
sapatilha para praia,sapatilha-aquatica-compra,1600,0.03,Commercial,Phrase,kw-manager,
sapatilhas para praia,sapatilha-aquatica-compra,1000,0.03,"Informational, Commercial",Phrase,kw-manager,
sapatilha antiderrapante,sapatilha-aquatica-compra,720,0.06,Informational,Phrase,kw-manager,
sapato aquatico,sapatilha-aquatica-compra,720,0.04,"Informational, Commercial",Phrase,kw-manager,
tenis aquatico,sapatilha-aquatica-compra,720,0.06,"Informational, Commercial",Phrase,kw-manager,
sapatilha aquatica masculina,sapatilha-aquatica-compra,590,0.04,"Informational, Commercial",Phrase,kw-manager,
sapatilha de praia,sapatilha-aquatica-compra,590,0.03,"Informational, Commercial",Phrase,kw-manager,
sapatilha nautica feminina,sapatilha-aquatica-compra,590,0.03,"Informational, Commercial",Phrase,kw-manager,
sapatilha nautica masculina,sapatilha-aquatica-compra,590,0.04,"Informational, Commercial",Phrase,kw-manager,
sapatilha para cachoeira,sapatilha-aquatica-compra,590,0.03,Commercial,Phrase,kw-manager,
sapatilha náutica,sapatilha-aquatica-compra,480,0.04,"Informational, Commercial",Phrase,kw-manager,
sapatilhas aquaticas,sapatilha-aquatica-compra,480,0.03,Informational,Phrase,kw-manager,
sapato de praia,sapatilha-aquatica-compra,480,0.04,"Informational, Commercial",Phrase,kw-manager,
sapatilha esportiva,sapatilha-aquatica-compra,390,0.09,"Informational, Commercial",Phrase,kw-manager,
sapatilha para agua,sapatilha-aquatica-compra,390,0.03,"Informational, Commercial",Phrase,kw-manager,
sapatilha para piscina,sapatilha-aquatica-compra,390,0.04,"Informational, Commercial",Phrase,kw-manager,
sapatilha praia,sapatilha-aquatica-compra,390,0.04,Informational,Phrase,kw-manager,
sapatilha de mergulho,sapatilha-aquatica-compra,260,0.05,"Informational, Commercial",Phrase,kw-manager,
tenis para agua,sapatilha-aquatica-compra,260,0.07,"Informational, Commercial",Phrase,kw-manager,
sapatilha para mar,sapatilha-aquatica-compra,140,0.04,Commercial,Phrase,kw-manager,
sapatilha aquatica antiderrapante,sapatilha-aquatica-compra,110,0.04,Commercial,Phrase,kw-manager,
sapatilha para hidroginastica,sapatilha-aquatica-compra,90,0.03,Informational,Exact,kw-manager,
calcado aquatico,sapatilha-aquatica-compra,70,0.06,,Exact,kw-manager,
sapatilha para esportes aquaticos,sapatilha-aquatica-compra,40,0.06,,Exact,kw-manager,
calcado para agua,sapatilha-aquatica-compra,20,0.04,,Exact,kw-manager,
calcado para praia,sapatilha-aquatica-compra,20,0.07,,Exact,kw-manager,
sapatilha natacao,sapatilha-aquatica-compra,20,0.04,,Exact,kw-manager,
sapatilha para natacao,sapatilha-aquatica-compra,20,0.04,,Exact,kw-manager,
sapatilha para o mar,sapatilha-aquatica-compra,20,0.05,,Exact,kw-manager,
sapatilha para pedras,sapatilha-aquatica-compra,20,0.04,,Exact,kw-manager,
sapatilha para rio,sapatilha-aquatica-compra,20,0.03,,Exact,kw-manager,
sapatilha para surf,sapatilha-aquatica-compra,20,0.07,,Exact,kw-manager,
sapatilha surf,sapatilha-aquatica-compra,20,0.07,,Exact,kw-manager,
sapatilha aquatica adulto,sapatilha-aquatica-compra,10,0.04,,Exact,kw-manager,
sapatilha antiderrapante para praia,sapatilha-aquatica-compra,0,0.00,,Exact,kw-manager,
sapatilha de surf,sapatilha-aquatica-compra,0,0.04,,Exact,kw-manager,
sapatilha para pedra,sapatilha-aquatica-compra,0,0.04,,Exact,kw-manager,
calcado para esportes aquaticos,sapatilha-aquatica-compra,n/c,n/c,,Exact,kw-manager,
sapatilha para costao,sapatilha-aquatica-compra,n/c,n/c,,Exact,kw-manager,
sapatilha para kitesurf,sapatilha-aquatica-compra,n/c,n/c,,Exact,kw-manager,
sapatilha para stand up paddle,sapatilha-aquatica-compra,n/c,n/c,,Exact,kw-manager,
sapatilha neoprene,sapatilha-neoprene-compra,1600,0.05,"Informational, Commercial",Phrase,kw-manager,
neoprene sapatilha,sapatilha-neoprene-compra,1300,0.05,Commercial,Phrase,kw-manager,
sapatilha em neoprene,sapatilha-neoprene-compra,1300,0.05,Commercial,Phrase,kw-manager,
sapatilha de neoprene,sapatilha-neoprene-compra,590,0.04,"Informational, Commercial",Phrase,kw-manager,
meia neoprene,sapatilha-neoprene-compra,390,0.07,Informational,Phrase,kw-manager,
meia de neoprene,sapatilha-neoprene-compra,320,0.05,"Informational, Commercial",Phrase,kw-manager,
meia aquatica,sapatilha-neoprene-compra,260,0.03,Commercial,Phrase,kw-manager,
botinha de neoprene,sapatilha-neoprene-compra,210,0.05,"Informational, Commercial",Phrase,kw-manager,
bota de neoprene,sapatilha-neoprene-compra,170,0.04,"Informational, Commercial",Phrase,kw-manager,
bota aquatica,sapatilha-neoprene-compra,140,0.04,"Informational, Commercial",Phrase,kw-manager,
sapatilha neoprene feminina,sapatilha-neoprene-compra,90,0.05,"Informational, Commercial",Exact,kw-manager,
bota de surf,sapatilha-neoprene-compra,30,0.08,,Exact,kw-manager,
botinha de surf,sapatilha-neoprene-compra,30,0.07,,Exact,kw-manager,
bota para surf,sapatilha-neoprene-compra,20,0.03,,Exact,kw-manager,
sapatilha neoprene masculina,sapatilha-neoprene-compra,20,0.03,,Exact,kw-manager,
meia de surf,sapatilha-neoprene-compra,0,0.14,,Exact,kw-manager,
meia para surf,sapatilha-neoprene-compra,0,0.00,,Exact,kw-manager,
botinha aquatica,sapatilha-neoprene-compra,n/c,n/c,,Exact,kw-manager,
sapatilha neoprene cano alto,sapatilha-neoprene-compra,n/c,n/c,,Exact,kw-manager,
sapatilha beach tennis,sapatilha-areia-compra,1600,0.05,Commercial,Phrase,kw-manager,
sapatilha para beach tennis,sapatilha-areia-compra,1600,0.05,"Informational, Commercial",Phrase,kw-manager,
sapatilha para areia,sapatilha-areia-compra,210,0.06,"Informational, Commercial",Phrase,kw-manager,
sapatilha para areia quente,sapatilha-areia-compra,20,0.03,,Exact,kw-manager,
sapatilha para futevolei,sapatilha-areia-compra,10,0.04,,Exact,kw-manager,
camiseta natação,neoprene-camiseta-compra,320,0.00,"Informational, Commercial",Phrase,kw-manager,
camiseta neoprene,neoprene-camiseta-compra,210,0.00,Informational,Phrase,kw-manager,
blusa neoprene,neoprene-camiseta-compra,170,0.00,"Informational, Commercial",Phrase,kw-manager,
blusa neoprene feminina,neoprene-camiseta-compra,140,0.00,Informational,Phrase,kw-manager,
blusa para natação,neoprene-camiseta-compra,140,0.00,Informational,Phrase,kw-manager,
camisa neoprene surf,neoprene-camiseta-compra,140,0.11,Commercial,Phrase,kw-manager,
camisa termica natação,neoprene-camiseta-compra,140,0.00,Informational,Phrase,kw-manager,
camisa termica praia,neoprene-camiseta-compra,140,0.00,Informational,Phrase,kw-manager,
camisa neoprene para natação,neoprene-camiseta-compra,110,0.00,"Informational, Commercial",Phrase,kw-manager,
jaqueta de neoprene,neoprene-camiseta-compra,110,0.19,Commercial,Phrase,sessao,
blusa de neoprene,neoprene-camiseta-compra,90,0.09,Commercial,Exact,kw-manager,
camisa de neoprene,neoprene-camiseta-compra,90,0.07,"Informational, Commercial",Exact,kw-manager,
camisa natação masculina,neoprene-camiseta-compra,90,0.00,Informational,Exact,kw-manager,
camisa termica para praia,neoprene-camiseta-compra,90,0.00,Commercial,Exact,kw-manager,
camiseta neoprene surf,neoprene-camiseta-compra,90,0.09,"Informational, Commercial",Exact,kw-manager,
camiseta de neoprene,neoprene-camiseta-compra,70,0.06,,Exact,kw-manager,
camiseta neoprene feminina,neoprene-camiseta-compra,70,0.07,,Exact,kw-manager,
camiseta neoprene masculina,neoprene-camiseta-compra,70,0.09,,Exact,kw-manager,
blusa de neoprene feminina,neoprene-camiseta-compra,40,0.08,,Exact,kw-manager,
blusa neoprene surf,neoprene-camiseta-compra,20,0.07,,Exact,kw-manager,
camisa neoprene manga curta,neoprene-camiseta-compra,20,0.00,,Exact,kw-manager,
camisa neoprene manga longa,neoprene-camiseta-compra,20,0.09,,Exact,kw-manager,
camisa termica para agua,neoprene-camiseta-compra,20,0.04,,Exact,kw-manager,
camisa termica para surf,neoprene-camiseta-compra,20,0.00,,Exact,kw-manager,
camiseta neoprene manga curta,neoprene-camiseta-compra,20,0.06,,Exact,kw-manager,
segunda pele neoprene,neoprene-camiseta-compra,20,0.05,,Exact,kw-manager,
top de neoprene,neoprene-camiseta-compra,20,0.00,,Exact,kw-manager,
top neoprene,neoprene-camiseta-compra,20,0.12,,Exact,kw-manager,
camiseta termica surf,neoprene-camiseta-compra,10,0.07,,Exact,kw-manager,
camiseta neoprene 1.5mm,neoprene-camiseta-compra,0,0.00,,Exact,kw-manager,
camiseta termica para surf,neoprene-camiseta-compra,0,0.00,,Exact,kw-manager,
segunda pele para surf,neoprene-camiseta-compra,0,0.00,,Exact,kw-manager,
blusa de neoprene masculina,neoprene-camiseta-compra,n/c,n/c,,Exact,lista-colada,
blusa neoprene masculina,neoprene-camiseta-compra,n/c,n/c,,Exact,lista-colada,
blusa para agua fria,neoprene-camiseta-compra,n/c,n/c,,Exact,kw-manager,
camisa borracha surf,neoprene-camiseta-compra,n/c,n/c,,Exact,lista-colada,
camisa de borracha para surf,neoprene-camiseta-compra,n/c,n/c,,Exact,lista-colada,
camisa de borracha surf,neoprene-camiseta-compra,n/c,n/c,,Exact,lista-colada,
camisa de neoprene manga longa,neoprene-camiseta-compra,n/c,n/c,,Exact,lista-colada,
camisa de neoprene masculina,neoprene-camiseta-compra,n/c,n/c,,Exact,lista-colada,
camisa de neoprene para mergulho,neoprene-camiseta-compra,n/c,n/c,,Exact,lista-colada,
camisa de neoprene para natação,neoprene-camiseta-compra,n/c,n/c,,Exact,lista-colada,
camisa de neoprene para surf,neoprene-camiseta-compra,n/c,n/c,,Exact,lista-colada,
camisa de neoprene surf,neoprene-camiseta-compra,n/c,n/c,,Exact,lista-colada,
camisa lycra neoprene,neoprene-camiseta-compra,n/c,n/c,,Exact,lista-colada,
camisa manga longa neoprene,neoprene-camiseta-compra,n/c,n/c,,Exact,lista-colada,
camisa neolycra,neoprene-camiseta-compra,n/c,n/c,,Exact,lista-colada,
camisa neoprene,neoprene-camiseta-compra,n/c,n/c,,Exact,lista-colada,
camisa neoprene 1 5mm,neoprene-camiseta-compra,n/c,n/c,,Exact,lista-colada,
camisa neoprene 1mm,neoprene-camiseta-compra,n/c,n/c,,Exact,lista-colada,
camisa neoprene 2mm,neoprene-camiseta-compra,n/c,n/c,,Exact,lista-colada,
camisa neoprene 3mm,neoprene-camiseta-compra,n/c,n/c,,Exact,lista-colada,
camisa neoprene feminina,neoprene-camiseta-compra,n/c,n/c,,Exact,lista-colada,
camisa neoprene masculina,neoprene-camiseta-compra,n/c,n/c,,Exact,lista-colada,
camisa neoprene mergulho,neoprene-camiseta-compra,n/c,n/c,,Exact,lista-colada,
camisa neoprene natação,neoprene-camiseta-compra,n/c,n/c,,Exact,lista-colada,
camisa neoprene surf 2mm,neoprene-camiseta-compra,n/c,n/c,,Exact,lista-colada,
camisa surf neoprene,neoprene-camiseta-compra,n/c,n/c,,Exact,lista-colada,
camiseta com neoprene e uv,neoprene-camiseta-compra,n/c,n/c,,Exact,kw-manager,
camiseta para agua fria,neoprene-camiseta-compra,n/c,n/c,,Exact,kw-manager,
camiseta termica para agua fria,neoprene-camiseta-compra,n/c,n/c,,Exact,kw-manager,
jaqueta neoprene surf,neoprene-camiseta-compra,n/c,n/c,,Exact,sessao,
jaqueta para surf,neoprene-camiseta-compra,n/c,n/c,,Exact,sessao,
neoprene camisa,neoprene-camiseta-compra,n/c,n/c,,Exact,lista-colada,
neoprene camiseta,neoprene-camiseta-compra,n/c,n/c,,Exact,lista-colada,
segunda pele para agua,neoprene-camiseta-compra,n/c,n/c,,Exact,kw-manager,
bermuda neoprene,neoprene-bermuda-compra,210,0.11,Informational,Phrase,kw-manager,
bermuda neoprene natação,neoprene-bermuda-compra,210,0.00,Commercial,Phrase,kw-manager,
bermuda de flutuação,neoprene-bermuda-compra,110,0.00,Commercial,Phrase,kw-manager,
bermuda de neoprene,neoprene-bermuda-compra,90,0.09,Commercial,Exact,kw-manager,
bermuda de neoprene masculina,neoprene-bermuda-compra,20,0.08,,Exact,kw-manager,
bermuda de neoprene para surf,neoprene-bermuda-compra,20,0.09,,Exact,kw-manager,
bermuda neoprene surf,neoprene-bermuda-compra,20,0.14,,Exact,kw-manager,
bermuda surf neoprene,neoprene-bermuda-compra,20,0.08,,Exact,kw-manager,
short de neoprene,neoprene-bermuda-compra,20,0.09,,Exact,kw-manager,
shorts neoprene,neoprene-bermuda-compra,10,0.10,,Exact,kw-manager,
bermuda neoprene masculino,neoprene-bermuda-compra,0,0.00,,Exact,kw-manager,
shorts de neoprene,neoprene-bermuda-compra,0,0.09,,Exact,kw-manager,
bermuda para aguas abertas,neoprene-bermuda-compra,n/c,n/c,,Exact,kw-manager,
bermuda para remada,neoprene-bermuda-compra,n/c,n/c,,Exact,kw-manager,
bermuda termica para agua,neoprene-bermuda-compra,n/c,n/c,,Exact,kw-manager,
bermuda surf,bermuda-surf-compra,2400,0.00,Commercial,Phrase,kw-manager,
bermudas masculinas surfista,bermuda-surf-compra,1000,0.00,Commercial,Phrase,kw-manager,
short surf,bermuda-surf-compra,720,0.00,Commercial,Phrase,kw-manager,
bermuda surfista,bermuda-surf-compra,480,0.00,Informational,Phrase,kw-manager,
bermuda masculina surf,bermuda-surf-compra,390,0.00,Commercial,Phrase,kw-manager,
short surf masculino,bermuda-surf-compra,320,0.00,"Informational, Commercial",Phrase,kw-manager,
short surfista,bermuda-surf-compra,210,0.00,"Informational, Commercial",Phrase,kw-manager,
bermuda para surfista,bermuda-surf-compra,110,0.00,Commercial,Phrase,kw-manager,
bermuda termica surf,bermuda-surf-compra,n/c,n/c,,Exact,kw-manager,
bermuda natação,bermuda-natacao-compra,1000,0.00,Commercial,Phrase,kw-manager,
bermuda natação masculina,bermuda-natacao-compra,1000,0.00,Commercial,Phrase,kw-manager,
bermuda para natação,bermuda-natacao-compra,880,0.00,"Informational, Commercial",Phrase,kw-manager,
bermuda para natação masculina,bermuda-natacao-compra,720,0.00,Commercial,Phrase,kw-manager,
short de natação,bermuda-natacao-compra,720,0.00,Informational,Phrase,kw-manager,
short natação masculino,bermuda-natacao-compra,720,0.00,"Informational, Commercial",Phrase,kw-manager,
short para natação masculino,bermuda-natacao-compra,590,0.00,Informational,Phrase,kw-manager,
bermuda natacao,bermuda-natacao-compra,480,0.00,Commercial,Phrase,kw-manager,
bermuda de natacao masculina,bermuda-natacao-compra,320,0.00,Informational,Phrase,kw-manager,
short natacao,bermuda-natacao-compra,210,0.00,Informational,Phrase,kw-manager,
bermuda para natacao,bermuda-natacao-compra,170,0.00,"Informational, Commercial",Phrase,kw-manager,
shorts para natação,bermuda-natacao-compra,140,0.00,Informational,Phrase,kw-manager,
short natacao masculino,bermuda-natacao-compra,90,0.00,"Informational, Commercial",Exact,kw-manager,
short nataçao,bermuda-natacao-compra,90,0.00,"Informational, Commercial",Exact,kw-manager,
roupa de surf,neoprene-surf-compra,1600,0.00,Commercial,Phrase,kw-manager,
roupa de surf masculina,neoprene-surf-compra,720,0.00,Informational,Phrase,kw-manager,
roupas para surfar,neoprene-surf-compra,720,0.00,Commercial,Phrase,kw-manager,
roupa de surfista,neoprene-surf-compra,590,0.00,Commercial,Phrase,kw-manager,
roupa de borracha surf,neoprene-surf-compra,480,0.00,Commercial,Phrase,kw-manager,
roupa de surfista masculina,neoprene-surf-compra,480,0.00,Commercial,Phrase,kw-manager,
roupa de borracha para surf,neoprene-surf-compra,390,0.00,Commercial,Phrase,kw-manager,
roupa de surfista feminina,neoprene-surf-compra,210,0.00,Commercial,Phrase,kw-manager,
neoprene surf,neoprene-surf-compra,140,0.00,"Informational, Commercial",Phrase,kw-manager,
roupa de neoprene surf,neoprene-surf-compra,110,0.00,Commercial,Phrase,kw-manager,
roupa de neoprene para surf,neoprene-surf-compra,90,0.00,Commercial,Exact,kw-manager,
roupa termica surf,neoprene-surf-compra,50,0.08,,Exact,kw-manager,
neoprene para surf,neoprene-surf-compra,20,0.10,,Exact,kw-manager,
roupa de natação,neoprene-natacao-compra,1900,0.00,Commercial,Phrase,kw-manager,
roupa para natação,neoprene-natacao-compra,880,0.00,"Informational, Commercial",Phrase,kw-manager,
roupas de natacao,neoprene-natacao-compra,720,0.00,Commercial,Phrase,kw-manager,
roupa de natação masculina,neoprene-natacao-compra,590,0.00,Informational,Phrase,kw-manager,
roupa feminina natação,neoprene-natacao-compra,590,0.00,Commercial,Phrase,kw-manager,
roupa de borracha para natação,neoprene-natacao-compra,390,0.00,Commercial,Phrase,kw-manager,
roupa neoprene natação,neoprene-natacao-compra,390,0.00,Commercial,Phrase,kw-manager,
roupa neoprene para natação,neoprene-natacao-compra,390,0.00,"Informational, Commercial",Phrase,kw-manager,
roupas para natacao,neoprene-natacao-compra,390,0.00,Informational,Phrase,kw-manager,
roupa de borracha natação,neoprene-natacao-compra,320,0.00,Commercial,Phrase,kw-manager,
roupa de natação masculino,neoprene-natacao-compra,320,0.08,"Informational, Commercial",Phrase,kw-manager,
neoprene natação,neoprene-natacao-compra,260,0.00,"Informational, Commercial",Phrase,kw-manager,
roupa de neoprene para natação,neoprene-natacao-compra,260,0.11,Commercial,Phrase,kw-manager,
neoprene para natação,neoprene-natacao-compra,210,0.00,"Informational, Commercial",Phrase,kw-manager,
neoprene natacao,neoprene-natacao-compra,170,0.00,Commercial,Phrase,kw-manager,
roupa de natacao feminina,neoprene-natacao-compra,170,0.00,"Informational, Commercial",Phrase,kw-manager,
roupa termica natação,neoprene-natacao-compra,170,0.00,Commercial,Phrase,kw-manager,
roupa termica para natação,neoprene-natacao-compra,170,0.00,"Informational, Commercial",Phrase,kw-manager,
roupa de natacao masculina,neoprene-natacao-compra,140,0.00,Commercial,Phrase,kw-manager,
roupa para natacao masculina,neoprene-natacao-compra,140,0.00,Informational,Phrase,kw-manager,
roupa neoprene natacao,neoprene-natacao-compra,110,0.00,Commercial,Phrase,kw-manager,
roupas de natação masculina,neoprene-natacao-compra,70,0.07,,Exact,kw-manager,
roupa de borracha para natação masculino,neoprene-natacao-compra,40,0.07,,Exact,kw-manager,
roupa de natação masculina adulto,neoprene-natacao-compra,30,0.07,,Exact,kw-manager,
roupa de natação masculina neoprene,neoprene-natacao-compra,20,0.08,,Exact,kw-manager,
roupa masculina de natação,neoprene-natacao-compra,10,0.07,,Exact,kw-manager,
neoprene para natacao,neoprene-natacao-compra,n/c,n/c,,Exact,kw-manager,
roupa neoprene,neoprene-categoria-compra,1000,0.10,Commercial,Phrase,kw-manager,
roupa de neoprene,neoprene-categoria-compra,880,0.09,"Informational, Commercial",Phrase,kw-manager,
roupas em neoprene,neoprene-categoria-compra,720,0.10,"Informational, Commercial",Phrase,kw-manager,
roupas femininas neoprene,neoprene-categoria-compra,260,0.00,"Informational, Commercial",Phrase,kw-manager,
roupas de neoprene,neoprene-categoria-compra,170,0.09,Commercial,Phrase,kw-manager,
roupa para piscina masculino,neoprene-categoria-compra,140,0.00,"Informational, Commercial",Phrase,kw-manager,
roupas de piscina masculino,neoprene-categoria-compra,140,0.00,Commercial,Phrase,kw-manager,
neoprene 3mm,neoprene-categoria-compra,110,0.18,"Informational, Commercial",Phrase,kw-manager,
neoprene feminino,neoprene-categoria-compra,110,0.00,"Informational, Commercial",Phrase,kw-manager,
roupa de neoprene feminina,neoprene-categoria-compra,70,0.13,,Exact,kw-manager,
conjunto neoprene,neoprene-categoria-compra,50,0.06,,Exact,kw-manager,
roupa de neoprene masculina,neoprene-categoria-compra,50,0.09,,Exact,kw-manager,
neoprene 2mm,neoprene-categoria-compra,40,0.10,,Exact,kw-manager,
comprar roupa de neoprene,neoprene-categoria-compra,20,0.00,,Exact,kw-manager,
conjunto de neoprene,neoprene-categoria-compra,20,0.00,,Exact,kw-manager,
kit neoprene,neoprene-categoria-compra,20,0.00,,Exact,kw-manager,
roupa de neoprene preço,neoprene-categoria-compra,20,0.00,,Exact,kw-manager,
roupa termica para agua,neoprene-categoria-compra,20,0.07,,Exact,kw-manager,
onde comprar roupa de neoprene,neoprene-categoria-compra,0,0.00,,Exact,kw-manager,
roupa para agua fria,neoprene-categoria-compra,0,0.00,,Exact,kw-manager,
loja de roupa de neoprene,neoprene-categoria-compra,n/c,n/c,,Exact,kw-manager,
roupa para esportes aquaticos,neoprene-categoria-compra,n/c,n/c,,Exact,kw-manager,
roupa termica para mar,neoprene-categoria-compra,n/c,n/c,,Exact,kw-manager,
use zero hora,neoprene-marca,50,0.00,,Phrase,kw-manager,
zero hora surf,neoprene-marca,20,0.00,,Phrase,kw-manager,
usezerohora,neoprene-marca,0,0.00,,Phrase,kw-manager,
bermuda use zero hora,neoprene-marca,n/c,n/c,,Phrase,kw-manager,
camiseta neoprene use zero hora,neoprene-marca,n/c,n/c,,Phrase,kw-manager,
sapatilha use zero hora,neoprene-marca,n/c,n/c,,Phrase,kw-manager,
use zero hora neoprene,neoprene-marca,n/c,n/c,,Phrase,kw-manager,
camisa de neoprene mormaii,neoprene-concorrencia (nao ativar),n/c,n/c,,Exact,lista-colada,
camisa mergulho mormaii manga longa neolycra,neoprene-concorrencia (nao ativar),n/c,n/c,,Exact,lista-colada,
camisa mormaii neoprene,neoprene-concorrencia (nao ativar),n/c,n/c,,Exact,lista-colada,
camisa neoprene billabong,neoprene-concorrencia (nao ativar),n/c,n/c,,Exact,lista-colada,
camisa neoprene decathlon,neoprene-concorrencia (nao ativar),n/c,n/c,,Exact,lista-colada,
camisa neoprene hurley,neoprene-concorrencia (nao ativar),n/c,n/c,,Exact,lista-colada,
camisa neoprene mormaii,neoprene-concorrencia (nao ativar),n/c,n/c,,Exact,lista-colada,
camisa neoprene rip curl,neoprene-concorrencia (nao ativar),n/c,n/c,,Exact,lista-colada,
roupa de mergulho,fora-da-campanha (observacao),8100,0.00,"Informational, Commercial",Phrase,kw-manager,intencao mergulho: produto nao atende
long john,fora-da-campanha (observacao),2400,0.00,"Informational, Commercial",Phrase,kw-manager,produto nao vendido (roupa fechada)
wetsuit wet,fora-da-campanha (observacao),1600,0.00,Commercial,Phrase,kw-manager,produto nao vendido (roupa fechada)
long john john,fora-da-campanha (observacao),1300,0.00,Commercial,Phrase,kw-manager,produto nao vendido (roupa fechada)
roupas de mergulho feminina,fora-da-campanha (observacao),1000,0.00,Commercial,Phrase,kw-manager,intencao mergulho: produto nao atende
roupa de natação infantil,fora-da-campanha (observacao),720,0.00,Informational,Phrase,kw-manager,negativa confirmada: linha adulta
roupa para mergulho,fora-da-campanha (observacao),720,0.00,"Informational, Commercial",Phrase,kw-manager,intencao mergulho: produto nao atende
roupa de borracha,fora-da-campanha (observacao),590,0.00,"Informational, Commercial",Phrase,kw-manager,aderencia baixa ao produto
roupas de mergulho masculino,fora-da-campanha (observacao),590,0.00,"Informational, Commercial",Phrase,kw-manager,intencao mergulho: produto nao atende
traje de mergulho,fora-da-campanha (observacao),590,0.00,Informational,Phrase,kw-manager,intencao mergulho: produto nao atende
long john masculino,fora-da-campanha (observacao),480,0.00,Commercial,Phrase,kw-manager,produto nao vendido (roupa fechada)
loja de natação perto de mim,fora-da-campanha (observacao),390,0.00,Transactional,Phrase,kw-manager,intencao de loja fisica/generica
roupa de borracha para triathlon,fora-da-campanha (observacao),390,0.00,"Informational, Transactional",Phrase,kw-manager,aderencia baixa ao produto
acessorios natação,fora-da-campanha (observacao),320,0.00,Commercial,Phrase,kw-manager,acessorios/equipamentos: fora do escopo
acessorios para natação,fora-da-campanha (observacao),320,0.00,Commercial,Phrase,kw-manager,acessorios/equipamentos: fora do escopo
john surf,fora-da-campanha (observacao),320,0.00,Commercial,Phrase,kw-manager,produto nao vendido (roupa fechada)
loja de natacao,fora-da-campanha (observacao),320,0.00,Commercial,Phrase,kw-manager,intencao de loja fisica/generica
macacao para natacao feminina,fora-da-campanha (observacao),320,0.00,"Informational, Commercial",Phrase,kw-manager,produto nao vendido (roupa fechada)
macacão de natação feminino,fora-da-campanha (observacao),320,0.00,Informational,Phrase,kw-manager,produto nao vendido (roupa fechada)
roupa de mergulho profissional,fora-da-campanha (observacao),320,0.00,Informational,Phrase,kw-manager,intencao mergulho: produto nao atende
roupa de nadador,fora-da-campanha (observacao),320,0.00,Informational,Phrase,kw-manager,aderencia baixa ao produto
equipamentos da natação,fora-da-campanha (observacao),260,0.00,Informational,Phrase,kw-manager,acessorios/equipamentos: fora do escopo
equipamentos para natação,fora-da-campanha (observacao),260,0.00,Informational,Phrase,kw-manager,acessorios/equipamentos: fora do escopo
loja de natação,fora-da-campanha (observacao),260,0.00,Commercial,Phrase,kw-manager,intencao de loja fisica/generica
macacao natacao,fora-da-campanha (observacao),260,0.00,"Informational, Transactional",Phrase,kw-manager,produto nao vendido (roupa fechada)
maios esportivos,fora-da-campanha (observacao),260,0.00,"Informational, Commercial",Phrase,kw-manager,peca de natacao que nao vendemos
roupa para natação infantil,fora-da-campanha (observacao),260,0.00,Informational,Phrase,kw-manager,negativa confirmada: linha adulta
traje arena feminino,fora-da-campanha (observacao),260,0.00,Informational,Phrase,kw-manager,peca de natacao que nao vendemos
traje de natação masculino,fora-da-campanha (observacao),260,0.00,"Informational, Commercial",Phrase,kw-manager,peca de natacao que nao vendemos
macacao neoprene,fora-da-campanha (observacao),210,0.00,Commercial,Phrase,kw-manager,produto nao vendido (roupa fechada)
maio masculino natação,fora-da-campanha (observacao),210,0.00,Informational,Phrase,kw-manager,peca de natacao que nao vendemos
maiô masculino para natação,fora-da-campanha (observacao),210,0.00,"Informational, Commercial",Phrase,kw-manager,peca de natacao que nao vendemos
maiô natação masculino,fora-da-campanha (observacao),210,0.00,Informational,Phrase,kw-manager,peca de natacao que nao vendemos
surf feminino,fora-da-campanha (observacao),210,0.00,"Informational, Commercial",Phrase,kw-manager,aderencia baixa ao produto
traje de natacao,fora-da-campanha (observacao),210,0.00,"Informational, Transactional",Phrase,kw-manager,peca de natacao que nao vendemos
traje de natação,fora-da-campanha (observacao),210,0.00,"Informational, Commercial",Phrase,kw-manager,peca de natacao que nao vendemos
traje natação feminino,fora-da-campanha (observacao),210,0.00,"Informational, Commercial",Phrase,kw-manager,peca de natacao que nao vendemos
acessorios para natacao,fora-da-campanha (observacao),170,0.00,Commercial,Phrase,kw-manager,acessorios/equipamentos: fora do escopo
calção de natação,fora-da-campanha (observacao),170,0.00,"Informational, Transactional",Phrase,kw-manager,peca de natacao que nao vendemos
macacão de mergulho,fora-da-campanha (observacao),170,0.00,Commercial,Phrase,kw-manager,produto nao vendido (roupa fechada)
material de natacao,fora-da-campanha (observacao),170,0.00,Commercial,Phrase,kw-manager,acessorios/equipamentos: fora do escopo
material para natação,fora-da-campanha (observacao),170,0.00,Commercial,Phrase,kw-manager,acessorios/equipamentos: fora do escopo
natação materiais,fora-da-campanha (observacao),170,0.00,"Informational, Commercial",Phrase,kw-manager,aderencia baixa ao produto
roupa de natação infantil masculino,fora-da-campanha (observacao),170,0.00,Informational,Phrase,kw-manager,negativa confirmada: linha adulta
acessórios natação,fora-da-campanha (observacao),140,0.00,Commercial,Phrase,kw-manager,acessorios/equipamentos: fora do escopo
artigos de natação,fora-da-campanha (observacao),140,0.00,Commercial,Phrase,kw-manager,acessorios/equipamentos: fora do escopo
artigos para natação,fora-da-campanha (observacao),140,0.00,Commercial,Phrase,kw-manager,acessorios/equipamentos: fora do escopo
calcao natacao,fora-da-campanha (observacao),140,0.00,Commercial,Phrase,kw-manager,peca de natacao que nao vendemos
equipamentos para natacao,fora-da-campanha (observacao),140,0.00,"Informational, Commercial",Phrase,kw-manager,acessorios/equipamentos: fora do escopo
long surf,fora-da-campanha (observacao),140,0.00,"Informational, Commercial",Phrase,kw-manager,aderencia baixa ao produto
macacao para natacao,fora-da-campanha (observacao),140,0.00,Informational,Phrase,kw-manager,produto nao vendido (roupa fechada)
macacão de natação masculino,fora-da-campanha (observacao),140,0.00,Informational,Phrase,kw-manager,produto nao vendido (roupa fechada)
macacão neoprene,fora-da-campanha (observacao),140,0.00,Informational,Phrase,kw-manager,produto nao vendido (roupa fechada)
marcas de roupa de surf,fora-da-campanha (observacao),140,0.00,Commercial,Phrase,kw-manager,pesquisa de marca/moda generica
marcas de surfista,fora-da-campanha (observacao),140,0.00,Commercial,Phrase,kw-manager,pesquisa de marca/moda generica
roupa de nadar,fora-da-campanha (observacao),140,0.00,Informational,Phrase,kw-manager,aderencia baixa ao produto
roupa mergulho neoprene,fora-da-campanha (observacao),140,0.00,Commercial,Phrase,kw-manager,intencao mergulho: produto nao atende
surf suit,fora-da-campanha (observacao),140,0.00,Commercial,Phrase,kw-manager,produto nao vendido (roupa fechada)
traje para natação,fora-da-campanha (observacao),140,0.00,Informational,Phrase,kw-manager,peca de natacao que nao vendemos
acessórios para natação,fora-da-campanha (observacao),110,0.00,Commercial,Phrase,kw-manager,acessorios/equipamentos: fora do escopo
calção de natação masculino,fora-da-campanha (observacao),110,0.00,Commercial,Phrase,kw-manager,peca de natacao que nao vendemos
calção para natação,fora-da-campanha (observacao),110,0.00,"Informational, Transactional",Phrase,kw-manager,peca de natacao que nao vendemos
loja roupa de surf,fora-da-campanha (observacao),110,0.00,Commercial,Phrase,kw-manager,intencao de loja fisica/generica
macacao surf feminino,fora-da-campanha (observacao),110,0.00,"Informational, Commercial",Phrase,kw-manager,produto nao vendido (roupa fechada)
macacão de surf feminino,fora-da-campanha (observacao),110,0.00,"Informational, Commercial",Phrase,kw-manager,produto nao vendido (roupa fechada)
roupa de borracha feminina,fora-da-campanha (observacao),110,0.00,Commercial,Phrase,kw-manager,aderencia baixa ao produto
roupa de natação feminina infantil,fora-da-campanha (observacao),110,0.00,"Informational, Commercial",Phrase,kw-manager,negativa confirmada: linha adulta
roupa para mergulho neoprene,fora-da-campanha (observacao),110,0.00,"Informational, Commercial",Phrase,kw-manager,intencao mergulho: produto nao atende
roupa para nadar,fora-da-campanha (observacao),110,0.00,Informational,Phrase,kw-manager,aderencia baixa ao produto
roupas de mergulho 5mm,fora-da-campanha (observacao),110,0.00,"Informational, Commercial",Phrase,kw-manager,intencao mergulho: produto nao atende
surf long john,fora-da-campanha (observacao),110,0.00,Commercial,Phrase,kw-manager,produto nao vendido (roupa fechada)
surf neoprene suit,fora-da-campanha (observacao),110,0.00,Commercial,Phrase,kw-manager,produto nao vendido (roupa fechada)
acessorios natacao,fora-da-campanha (observacao),90,0.00,Commercial,Exact,kw-manager,acessorios/equipamentos: fora do escopo
calça de natação,fora-da-campanha (observacao),90,0.00,"Informational, Commercial",Exact,kw-manager,peca de natacao que nao vendemos
calça para natação,fora-da-campanha (observacao),90,0.00,Commercial,Exact,kw-manager,peca de natacao que nao vendemos
loja de roupa de natação,fora-da-campanha (observacao),90,0.00,Commercial,Exact,kw-manager,intencao de loja fisica/generica
macacao neoprene feminino,fora-da-campanha (observacao),90,0.00,Informational,Exact,kw-manager,produto nao vendido (roupa fechada)
macacão neoprene feminino,fora-da-campanha (observacao),90,0.00,"Informational, Commercial",Exact,kw-manager,produto nao vendido (roupa fechada)
material para natacao,fora-da-campanha (observacao),90,0.00,"Informational, Commercial",Exact,kw-manager,acessorios/equipamentos: fora do escopo
melhores maios para natação,fora-da-campanha (observacao),90,0.00,Commercial,Exact,kw-manager,peca de natacao que nao vendemos
moda surf masculina,fora-da-campanha (observacao),90,0.00,Commercial,Exact,kw-manager,pesquisa de marca/moda generica
natação masculina,fora-da-campanha (observacao),90,0.00,Informational,Exact,kw-manager,aderencia baixa ao produto
roupa de surf john,fora-da-campanha (observacao),90,0.00,Commercial,Exact,kw-manager,produto nao vendido (roupa fechada)
roupa de natação masculina profissional,fora-da-campanha (observacao),20,0.05,,Exact,kw-manager,aderencia baixa ao produto
roupa para aula de natação masculino,fora-da-campanha (observacao),20,0.07,,Exact,kw-manager,aderencia baixa ao produto
