id	item_group_id	title	description	link	image_link	availability	price	condition	brand	identifier_exists	google_product_category	product_type	material	gender	age_group	color	size
uzh-neo-camiseta-cabofrio-p	uzh-neo-camiseta-cabofrio	Camiseta de Neoprene Cabo Frio Use Zero Hora - Tam P	Camiseta de neoprene Span/Flex 1,5mm (Inneo Brasil) com mangas e recortes laterais em poliamida premium UV50. Conforto térmico, elasticidade 360°, toque macio e alta resistência ao cloro, ao sal e ao uso intenso. Feita para o surf e esportes na água.	https://usezerohora.com.br/produtos/camiseta-neoprene-cabo-frio-17xyv/	PREENCHER	in stock	PREENCHER BRL	new	Use Zero Hora	no	Apparel & Accessories > Clothing > Activewear	Neoprene > Camiseta	Neoprene	unisex	adult	PREENCHER	P
uzh-neo-camiseta-cabofrio-m	uzh-neo-camiseta-cabofrio	Camiseta de Neoprene Cabo Frio Use Zero Hora - Tam M	Camiseta de neoprene Span/Flex 1,5mm (Inneo Brasil) com mangas e recortes laterais em poliamida premium UV50. Conforto térmico, elasticidade 360°, toque macio e alta resistência ao cloro, ao sal e ao uso intenso. Feita para o surf e esportes na água.	https://usezerohora.com.br/produtos/camiseta-neoprene-cabo-frio-17xyv/	PREENCHER	in stock	PREENCHER BRL	new	Use Zero Hora	no	Apparel & Accessories > Clothing > Activewear	Neoprene > Camiseta	Neoprene	unisex	adult	PREENCHER	M
uzh-neo-camiseta-cabofrio-g	uzh-neo-camiseta-cabofrio	Camiseta de Neoprene Cabo Frio Use Zero Hora - Tam G	Camiseta de neoprene Span/Flex 1,5mm (Inneo Brasil) com mangas e recortes laterais em poliamida premium UV50. Conforto térmico, elasticidade 360°, toque macio e alta resistência ao cloro, ao sal e ao uso intenso. Feita para o surf e esportes na água.	https://usezerohora.com.br/produtos/camiseta-neoprene-cabo-frio-17xyv/	PREENCHER	in stock	PREENCHER BRL	new	Use Zero Hora	no	Apparel & Accessories > Clothing > Activewear	Neoprene > Camiseta	Neoprene	unisex	adult	PREENCHER	G
uzh-neo-bermuda-joaquina-p	uzh-neo-bermuda-joaquina	Bermuda de Neoprene Joaquina Use Zero Hora - Tam P	Bermuda de neoprene com cordão interno no cós: ajuste personalizado, firmeza sem apertar e visual clean. Etiqueta emborrachada de alta durabilidade, resistente à água salgada, ao sol e ao uso intenso. Feita para acompanhar sua rotina no mar.	https://usezerohora.com.br/produtos/bermuda-neoprene-joaquina-7x5hp/	PREENCHER	in stock	PREENCHER BRL	new	Use Zero Hora	no	Apparel & Accessories > Clothing > Activewear	Neoprene > Bermuda	Neoprene	unisex	adult	PREENCHER	P
uzh-neo-bermuda-joaquina-m	uzh-neo-bermuda-joaquina	Bermuda de Neoprene Joaquina Use Zero Hora - Tam M	Bermuda de neoprene com cordão interno no cós: ajuste personalizado, firmeza sem apertar e visual clean. Etiqueta emborrachada de alta durabilidade, resistente à água salgada, ao sol e ao uso intenso. Feita para acompanhar sua rotina no mar.	https://usezerohora.com.br/produtos/bermuda-neoprene-joaquina-7x5hp/	PREENCHER	in stock	PREENCHER BRL	new	Use Zero Hora	no	Apparel & Accessories > Clothing > Activewear	Neoprene > Bermuda	Neoprene	unisex	adult	PREENCHER	M
uzh-neo-bermuda-joaquina-g	uzh-neo-bermuda-joaquina	Bermuda de Neoprene Joaquina Use Zero Hora - Tam G	Bermuda de neoprene com cordão interno no cós: ajuste personalizado, firmeza sem apertar e visual clean. Etiqueta emborrachada de alta durabilidade, resistente à água salgada, ao sol e ao uso intenso. Feita para acompanhar sua rotina no mar.	https://usezerohora.com.br/produtos/bermuda-neoprene-joaquina-7x5hp/	PREENCHER	in stock	PREENCHER BRL	new	Use Zero Hora	no	Apparel & Accessories > Clothing > Activewear	Neoprene > Bermuda	Neoprene	unisex	adult	PREENCHER	G
uzh-neo-sapatilha-kr-p34-37	uzh-neo-sapatilha-kr	Sapatilha Esportiva de Neoprene KR Use Zero Hora - Tam P 34-37	Sapatilha esportiva de neoprene com três tecidos técnicos: solado Neoprene Shak antiderrapante de alta aderência, corpo em neoprene nylon 1,5mm com isolamento térmico e punho duplo de poliamida elástica. Secagem rápida, leveza e proteção dentro e fora da água.	https://usezerohora.com.br/produtos/sapatilha-esportiva-neoprene-xlgci/	PREENCHER	in stock	PREENCHER BRL	new	Use Zero Hora	no	Apparel & Accessories > Shoes	Neoprene > Sapatilha	Neoprene	unisex	adult	PREENCHER	P 34-37
uzh-neo-sapatilha-kr-m38-41	uzh-neo-sapatilha-kr	Sapatilha Esportiva de Neoprene KR Use Zero Hora - Tam M 38-41	Sapatilha esportiva de neoprene com três tecidos técnicos: solado Neoprene Shak antiderrapante de alta aderência, corpo em neoprene nylon 1,5mm com isolamento térmico e punho duplo de poliamida elástica. Secagem rápida, leveza e proteção dentro e fora da água.	https://usezerohora.com.br/produtos/sapatilha-esportiva-neoprene-xlgci/	PREENCHER	in stock	PREENCHER BRL	new	Use Zero Hora	no	Apparel & Accessories > Shoes	Neoprene > Sapatilha	Neoprene	unisex	adult	PREENCHER	M 38-41
uzh-neo-sapatilha-kr-g42-44	uzh-neo-sapatilha-kr	Sapatilha Esportiva de Neoprene KR Use Zero Hora - Tam G 42-44	Sapatilha esportiva de neoprene com três tecidos técnicos: solado Neoprene Shak antiderrapante de alta aderência, corpo em neoprene nylon 1,5mm com isolamento térmico e punho duplo de poliamida elástica. Secagem rápida, leveza e proteção dentro e fora da água.	https://usezerohora.com.br/produtos/sapatilha-esportiva-neoprene-xlgci/	PREENCHER	in stock	PREENCHER BRL	new	Use Zero Hora	no	Apparel & Accessories > Shoes	Neoprene > Sapatilha	Neoprene	unisex	adult	PREENCHER	G 42-44
