Campaign,Ad Group,Keyword,Match Type
Search - Biquínis,Biquíni | Genérico,biquíni,Phrase
Search - Biquínis,Biquíni | Genérico,biquini,Phrase
Search - Biquínis,Biquíni | Genérico,biquíni feminino,Phrase
Search - Biquínis,Biquíni | Genérico,biquíni moda praia,Phrase
Search - Biquínis,Biquíni | Genérico,biquíni de praia,Phrase
Search - Biquínis,Biquíni | Genérico,biquíni verão,Phrase
Search - Biquínis,Biquíni | Genérico,biquíni 2026,Phrase
Search - Biquínis,Biquíni | Genérico,biquíni cavado,Phrase
Search - Biquínis,Biquíni | Genérico,moda praia feminina,Phrase
Search - Biquínis,Biquíni | Genérico,biquíni tanga,Phrase
Search - Biquínis,Biquíni | Empina Bumbum,biquíni empina bumbum,Phrase
Search - Biquínis,Biquíni | Empina Bumbum,biquíni empina bumbum,Exact
Search - Biquínis,Biquíni | Empina Bumbum,biquini que empina o bumbum,Phrase
Search - Biquínis,Biquíni | Empina Bumbum,biquíni cortininha empina bumbum,Phrase
Search - Biquínis,Biquíni | Empina Bumbum,biquíni empina bumbum sem bojo,Phrase
Search - Biquínis,Biquíni | Empina Bumbum,biquíni levanta bumbum,Phrase
Search - Biquínis,Biquíni | Empina Bumbum,biquíni cavado empina bumbum,Phrase
Search - Biquínis,Biquíni | Empina Bumbum,biquíni lifting,Phrase
Search - Biquínis,Biquíni | Empina Bumbum,comprar biquíni empina bumbum,Phrase
Search - Biquínis,Biquíni | Cortininha,biquíni cortininha,Phrase
Search - Biquínis,Biquíni | Cortininha,biquíni cortininha,Exact
Search - Biquínis,Biquíni | Cortininha,biquíni cortininha sem bojo,Phrase
Search - Biquínis,Biquíni | Cortininha,biquíni cortininha premium,Phrase
Search - Biquínis,Biquíni | Cortininha,top cortininha,Phrase
Search - Biquínis,Biquíni | Cortininha,biquíni cortininha regulável,Phrase
Search - Biquínis,Biquíni | Cortininha,biquíni cortininha fio duplo,Phrase
Search - Biquínis,Biquíni | Cortininha,biquíni cortininha bojo removível,Phrase
Search - Biquínis,Biquíni | Asa Delta,biquíni asa delta,Phrase
Search - Biquínis,Biquíni | Asa Delta,biquíni asa delta,Exact
Search - Biquínis,Biquíni | Asa Delta,top asa delta,Phrase
Search - Biquínis,Biquíni | Asa Delta,biquíni asa delta bicolor,Phrase
Search - Biquínis,Biquíni | Asa Delta,biquíni asa delta top fixo,Phrase
Search - Biquínis,Biquíni | Asa Delta,biquíni asa delta alça fixa,Phrase
Search - Biquínis,Biquíni | Asa Delta,top asa delta fixo,Phrase
Search - Biquínis,Biquíni | Sem Bojo,biquíni sem bojo,Phrase
Search - Biquínis,Biquíni | Sem Bojo,top sem bojo,Phrase
Search - Biquínis,Biquíni | Sem Bojo,biquíni sem enchimento,Phrase
Search - Biquínis,Biquíni | Sem Bojo,biquíni sem bojo cortininha,Phrase
Search - Biquínis,Biquíni | Esportivo/Surf/Futevôlei,biquíni esportivo,Phrase
Search - Biquínis,Biquíni | Esportivo/Surf/Futevôlei,biquíni para surfar,Phrase
Search - Biquínis,Biquíni | Esportivo/Surf/Futevôlei,biquíni de surf,Phrase
Search - Biquínis,Biquíni | Esportivo/Surf/Futevôlei,biquíni futevôlei,Phrase
Search - Biquínis,Biquíni | Esportivo/Surf/Futevôlei,biquíni que não sai,Phrase
Search - Biquínis,Biquíni | Esportivo/Surf/Futevôlei,biquíni fixo esporte,Phrase
Search - Biquínis,Biquíni | Esportivo/Surf/Futevôlei,top de surf feminino,Phrase
Search - Biquínis,Biquíni | Esportivo/Surf/Futevôlei,sunkini,Phrase
Search - Biquínis,Biquíni | Esportivo/Surf/Futevôlei,biquíni para praia esportiva,Phrase
Search - Biquínis,Biquíni | Esportivo/Surf/Futevôlei,biquíni que não cai no mar,Phrase
Search - Biquínis,Biquíni | Fio Dental,biquíni fio dental,Phrase
Search - Biquínis,Biquíni | Fio Dental,biquíni fio dental cortininha,Phrase
Search - Biquínis,Biquíni | Fio Dental,biquíni tanga fio dental,Phrase
Search - Biquínis,Biquíni | Comercial,comprar biquíni,Phrase
Search - Biquínis,Biquíni | Comercial,biquíni online,Phrase
Search - Biquínis,Biquíni | Comercial,loja de biquíni,Phrase
Search - Biquínis,Biquíni | Comercial,biquíni preço,Phrase
Search - Biquínis,Biquíni | Comercial,biquíni barato,Phrase
Search - Biquínis,Biquíni | Comercial,biquíni frete grátis,Phrase
Search - Biquínis,Biquíni | Comercial,biquíni promoção,Phrase
Search - Biquínis,Biquíni | Comercial,biquíni loja online,Phrase
Search - Biquínis,Biquíni | Comercial,biquíni onde comprar,Phrase
Search - Hot Pant,Hot Pant | Genérico,hot pant,Phrase
Search - Hot Pant,Hot Pant | Genérico,hotpant,Phrase
Search - Hot Pant,Hot Pant | Genérico,hot pant feminino,Phrase
Search - Hot Pant,Hot Pant | Genérico,hot pant praia,Phrase
Search - Hot Pant,Hot Pant | Genérico,hot pant moda praia,Phrase
Search - Hot Pant,Hot Pant | Genérico,conjunto hot pant,Phrase
Search - Hot Pant,Hot Pant | Genérico,hot pant biquíni,Phrase
Search - Hot Pant,Hot Pant | Manga 3/4 e Manga Longa,hot pant manga 3/4,Phrase
Search - Hot Pant,Hot Pant | Manga 3/4 e Manga Longa,hot pant manga 3/4,Exact
Search - Hot Pant,Hot Pant | Manga 3/4 e Manga Longa,hot pant manga longa,Phrase
Search - Hot Pant,Hot Pant | Manga 3/4 e Manga Longa,hot pant manga,Phrase
Search - Hot Pant,Hot Pant | Manga 3/4 e Manga Longa,hot pant top manga 3/4,Phrase
Search - Hot Pant,Hot Pant | Manga 3/4 e Manga Longa,conjunto hot pant manga longa,Phrase
Search - Hot Pant,Hot Pant | Manga 3/4 e Manga Longa,hot pant manga 3/4 surf,Phrase
Search - Hot Pant,Hot Pant | Manga 3/4 e Manga Longa,conjunto hot pant manga 3/4,Phrase
Search - Hot Pant,Hot Pant | Proteção Solar UV50,hot pant proteção solar,Phrase
Search - Hot Pant,Hot Pant | Proteção Solar UV50,hot pant proteção solar,Exact
Search - Hot Pant,Hot Pant | Proteção Solar UV50,hot pant uv50,Phrase
Search - Hot Pant,Hot Pant | Proteção Solar UV50,hot pant com proteção uv,Phrase
Search - Hot Pant,Hot Pant | Proteção Solar UV50,roupa com proteção solar praia,Phrase
Search - Hot Pant,Hot Pant | Proteção Solar UV50,hot pant fps,Phrase
Search - Hot Pant,Hot Pant | Proteção Solar UV50,hot pant proteção uv50,Phrase
Search - Hot Pant,Hot Pant | Surf,hot pant surf,Phrase
Search - Hot Pant,Hot Pant | Surf,hot pant surf,Exact
Search - Hot Pant,Hot Pant | Surf,hot pant para surfar,Phrase
Search - Hot Pant,Hot Pant | Surf,roupa de surf feminina,Phrase
Search - Hot Pant,Hot Pant | Surf,conjunto surf feminino,Phrase
Search - Hot Pant,Hot Pant | Surf,hot pant surf feminino,Phrase
Search - Hot Pant,Hot Pant | Surf,roupa para surfar feminina,Phrase
Search - Hot Pant,Hot Pant | Surf,lycra de surf feminina,Phrase
Search - Hot Pant,Hot Pant | Top Nadador,hot pant top nadador,Phrase
Search - Hot Pant,Hot Pant | Top Nadador,top nadador,Phrase
Search - Hot Pant,Hot Pant | Top Nadador,top nadador esporte,Phrase
Search - Hot Pant,Hot Pant | Top Nadador,hot pant nadador feminino,Phrase
Search - Hot Pant,Hot Pant | Cropped,hot pant cropped,Phrase
Search - Hot Pant,Hot Pant | Cropped,cropped manga 3/4,Phrase
Search - Hot Pant,Hot Pant | Cropped,top cropped surf,Phrase
Search - Hot Pant,Hot Pant | Cropped,conjunto cropped praia,Phrase
Search - Hot Pant,Hot Pant | Fitness/Esporte,hot pant fitness,Phrase
Search - Hot Pant,Hot Pant | Fitness/Esporte,hot pant academia,Phrase
Search - Hot Pant,Hot Pant | Fitness/Esporte,hot pant esporte,Phrase
Search - Hot Pant,Hot Pant | Fitness/Esporte,short hot pant fitness,Phrase
Search - Hot Pant,Hot Pant | Comercial,comprar hot pant,Phrase
Search - Hot Pant,Hot Pant | Comercial,hot pant online,Phrase
Search - Hot Pant,Hot Pant | Comercial,loja de hot pant,Phrase
Search - Hot Pant,Hot Pant | Comercial,hot pant preço,Phrase
Search - Hot Pant,Hot Pant | Comercial,hot pant barato,Phrase
Search - Hot Pant,Hot Pant | Comercial,hot pant frete grátis,Phrase
Search - Hot Pant,Hot Pant | Comercial,conjunto hot pant preço,Phrase
Search - Hot Pant,Hot Pant | Comercial,hot pant onde comprar,Phrase
Search - Marca e Consideração,Marca | Use Zero Hora,use zero hora,Phrase
Search - Marca e Consideração,Marca | Use Zero Hora,use zero hora biquíni,Phrase
Search - Marca e Consideração,Marca | Use Zero Hora,use zero hora hot pant,Phrase
Search - Marca e Consideração,Marca | Use Zero Hora,zero hora surf,Phrase
Search - Marca e Consideração,Marca | Use Zero Hora,zero hora beachwear,Phrase
Search - Marca e Consideração,Marca | Use Zero Hora,use zero hora moda praia,Phrase
Search - Marca e Consideração,Consideração | Dúvidas (SEO),qual o melhor biquíni para surfar,Broad
Search - Marca e Consideração,Consideração | Dúvidas (SEO),como escolher biquíni,Broad
Search - Marca e Consideração,Consideração | Dúvidas (SEO),melhor biquíni para praia,Broad
Search - Marca e Consideração,Consideração | Dúvidas (SEO),o que é hot pant,Broad
Search - Marca e Consideração,Consideração | Dúvidas (SEO),para que serve hot pant,Broad
Search - Marca e Consideração,Consideração | Dúvidas (SEO),hot pant serve para surf,Broad
Search - Marca e Consideração,Consideração | Dúvidas (SEO),biquíni ou hot pant para surfar,Broad
Search - Marca e Consideração,Consideração | Dúvidas (SEO),qual roupa usar para surfar feminina,Broad
