campanha,sub_linha,ad_group,intencao,match_sugerido,keyword
Search - Biquínis,Biquíni,Biquíni | Genérico,Consideração/Genérico,Frase,biquíni
Search - Biquínis,Biquíni,Biquíni | Genérico,Consideração/Genérico,Frase,biquini
Search - Biquínis,Biquíni,Biquíni | Genérico,Consideração/Genérico,Frase,biquíni feminino
Search - Biquínis,Biquíni,Biquíni | Genérico,Consideração/Genérico,Frase,biquíni moda praia
Search - Biquínis,Biquíni,Biquíni | Genérico,Consideração/Genérico,Frase,biquíni de praia
Search - Biquínis,Biquíni,Biquíni | Genérico,Consideração/Genérico,Frase,biquíni verão
Search - Biquínis,Biquíni,Biquíni | Genérico,Consideração/Genérico,Frase,biquíni 2026
Search - Biquínis,Biquíni,Biquíni | Genérico,Consideração/Genérico,Frase,biquíni cavado
Search - Biquínis,Biquíni,Biquíni | Genérico,Consideração/Genérico,Frase,moda praia feminina
Search - Biquínis,Biquíni,Biquíni | Genérico,Consideração/Genérico,Frase,biquíni tanga
Search - Biquínis,Biquíni,Biquíni | Empina Bumbum,Compra/Modelo,Frase,biquíni empina bumbum
Search - Biquínis,Biquíni,Biquíni | Empina Bumbum,Compra/Modelo,Frase,biquini que empina o bumbum
Search - Biquínis,Biquíni,Biquíni | Empina Bumbum,Compra/Modelo,Frase,biquíni cortininha empina bumbum
Search - Biquínis,Biquíni,Biquíni | Empina Bumbum,Compra/Modelo,Frase,biquíni empina bumbum sem bojo
Search - Biquínis,Biquíni,Biquíni | Empina Bumbum,Compra/Modelo,Frase,biquíni levanta bumbum
Search - Biquínis,Biquíni,Biquíni | Empina Bumbum,Compra/Modelo,Frase,biquíni cavado empina bumbum
Search - Biquínis,Biquíni,Biquíni | Empina Bumbum,Compra/Modelo,Frase,biquíni lifting
Search - Biquínis,Biquíni,Biquíni | Empina Bumbum,Compra/Modelo,Frase,comprar biquíni empina bumbum
Search - Biquínis,Biquíni,Biquíni | Cortininha,Compra/Modelo,Frase,biquíni cortininha
Search - Biquínis,Biquíni,Biquíni | Cortininha,Compra/Modelo,Frase,biquíni cortininha sem bojo
Search - Biquínis,Biquíni,Biquíni | Cortininha,Compra/Modelo,Frase,biquíni cortininha premium
Search - Biquínis,Biquíni,Biquíni | Cortininha,Compra/Modelo,Frase,top cortininha
Search - Biquínis,Biquíni,Biquíni | Cortininha,Compra/Modelo,Frase,biquíni cortininha regulável
Search - Biquínis,Biquíni,Biquíni | Cortininha,Compra/Modelo,Frase,biquíni cortininha fio duplo
Search - Biquínis,Biquíni,Biquíni | Cortininha,Compra/Modelo,Frase,biquíni cortininha bojo removível
Search - Biquínis,Biquíni,Biquíni | Asa Delta,Compra/Modelo,Frase,biquíni asa delta
Search - Biquínis,Biquíni,Biquíni | Asa Delta,Compra/Modelo,Frase,top asa delta
Search - Biquínis,Biquíni,Biquíni | Asa Delta,Compra/Modelo,Frase,biquíni asa delta bicolor
Search - Biquínis,Biquíni,Biquíni | Asa Delta,Compra/Modelo,Frase,biquíni asa delta top fixo
Search - Biquínis,Biquíni,Biquíni | Asa Delta,Compra/Modelo,Frase,biquíni asa delta alça fixa
Search - Biquínis,Biquíni,Biquíni | Asa Delta,Compra/Modelo,Frase,top asa delta fixo
Search - Biquínis,Biquíni,Biquíni | Sem Bojo,Compra/Atributo,Frase,biquíni sem bojo
Search - Biquínis,Biquíni,Biquíni | Sem Bojo,Compra/Atributo,Frase,top sem bojo
Search - Biquínis,Biquíni,Biquíni | Sem Bojo,Compra/Atributo,Frase,biquíni sem enchimento
Search - Biquínis,Biquíni,Biquíni | Sem Bojo,Compra/Atributo,Frase,biquíni sem bojo cortininha
Search - Biquínis,Biquíni,Biquíni | Esportivo/Surf/Futevôlei,Compra/Uso,Frase,biquíni esportivo
Search - Biquínis,Biquíni,Biquíni | Esportivo/Surf/Futevôlei,Compra/Uso,Frase,biquíni para surfar
Search - Biquínis,Biquíni,Biquíni | Esportivo/Surf/Futevôlei,Compra/Uso,Frase,biquíni de surf
Search - Biquínis,Biquíni,Biquíni | Esportivo/Surf/Futevôlei,Compra/Uso,Frase,biquíni futevôlei
Search - Biquínis,Biquíni,Biquíni | Esportivo/Surf/Futevôlei,Compra/Uso,Frase,biquíni que não sai
Search - Biquínis,Biquíni,Biquíni | Esportivo/Surf/Futevôlei,Compra/Uso,Frase,biquíni fixo esporte
Search - Biquínis,Biquíni,Biquíni | Esportivo/Surf/Futevôlei,Compra/Uso,Frase,top de surf feminino
Search - Biquínis,Biquíni,Biquíni | Esportivo/Surf/Futevôlei,Compra/Uso,Frase,sunkini
Search - Biquínis,Biquíni,Biquíni | Esportivo/Surf/Futevôlei,Compra/Uso,Frase,biquíni para praia esportiva
Search - Biquínis,Biquíni,Biquíni | Esportivo/Surf/Futevôlei,Compra/Uso,Frase,biquíni que não cai no mar
Search - Biquínis,Biquíni,Biquíni | Fio Dental,Compra/Modelo,Frase,biquíni fio dental
Search - Biquínis,Biquíni,Biquíni | Fio Dental,Compra/Modelo,Frase,biquíni fio dental cortininha
Search - Biquínis,Biquíni,Biquíni | Fio Dental,Compra/Modelo,Frase,biquíni tanga fio dental
Search - Biquínis,Biquíni,Biquíni | Comercial,Fundo/Comercial,Frase,comprar biquíni
Search - Biquínis,Biquíni,Biquíni | Comercial,Fundo/Comercial,Frase,biquíni online
Search - Biquínis,Biquíni,Biquíni | Comercial,Fundo/Comercial,Frase,loja de biquíni
Search - Biquínis,Biquíni,Biquíni | Comercial,Fundo/Comercial,Frase,biquíni preço
Search - Biquínis,Biquíni,Biquíni | Comercial,Fundo/Comercial,Frase,biquíni barato
Search - Biquínis,Biquíni,Biquíni | Comercial,Fundo/Comercial,Frase,biquíni frete grátis
Search - Biquínis,Biquíni,Biquíni | Comercial,Fundo/Comercial,Frase,biquíni promoção
Search - Biquínis,Biquíni,Biquíni | Comercial,Fundo/Comercial,Frase,biquíni loja online
Search - Biquínis,Biquíni,Biquíni | Comercial,Fundo/Comercial,Frase,biquíni onde comprar
Search - Hot Pant,Hot Pant,Hot Pant | Genérico,Consideração/Genérico,Frase,hot pant
Search - Hot Pant,Hot Pant,Hot Pant | Genérico,Consideração/Genérico,Frase,hotpant
Search - Hot Pant,Hot Pant,Hot Pant | Genérico,Consideração/Genérico,Frase,hot pant feminino
Search - Hot Pant,Hot Pant,Hot Pant | Genérico,Consideração/Genérico,Frase,hot pant praia
Search - Hot Pant,Hot Pant,Hot Pant | Genérico,Consideração/Genérico,Frase,hot pant moda praia
Search - Hot Pant,Hot Pant,Hot Pant | Genérico,Consideração/Genérico,Frase,conjunto hot pant
Search - Hot Pant,Hot Pant,Hot Pant | Genérico,Consideração/Genérico,Frase,hot pant biquíni
Search - Hot Pant,Hot Pant,Hot Pant | Manga 3/4 e Manga Longa,Compra/Modelo,Frase,hot pant manga 3/4
Search - Hot Pant,Hot Pant,Hot Pant | Manga 3/4 e Manga Longa,Compra/Modelo,Frase,hot pant manga longa
Search - Hot Pant,Hot Pant,Hot Pant | Manga 3/4 e Manga Longa,Compra/Modelo,Frase,hot pant manga
Search - Hot Pant,Hot Pant,Hot Pant | Manga 3/4 e Manga Longa,Compra/Modelo,Frase,hot pant top manga 3/4
Search - Hot Pant,Hot Pant,Hot Pant | Manga 3/4 e Manga Longa,Compra/Modelo,Frase,conjunto hot pant manga longa
Search - Hot Pant,Hot Pant,Hot Pant | Manga 3/4 e Manga Longa,Compra/Modelo,Frase,hot pant manga 3/4 surf
Search - Hot Pant,Hot Pant,Hot Pant | Manga 3/4 e Manga Longa,Compra/Modelo,Frase,conjunto hot pant manga 3/4
Search - Hot Pant,Hot Pant,Hot Pant | Proteção Solar UV50,Compra/Atributo,Frase,hot pant proteção solar
Search - Hot Pant,Hot Pant,Hot Pant | Proteção Solar UV50,Compra/Atributo,Frase,hot pant uv50
Search - Hot Pant,Hot Pant,Hot Pant | Proteção Solar UV50,Compra/Atributo,Frase,hot pant com proteção uv
Search - Hot Pant,Hot Pant,Hot Pant | Proteção Solar UV50,Compra/Atributo,Frase,roupa com proteção solar praia
Search - Hot Pant,Hot Pant,Hot Pant | Proteção Solar UV50,Compra/Atributo,Frase,hot pant fps
Search - Hot Pant,Hot Pant,Hot Pant | Proteção Solar UV50,Compra/Atributo,Frase,hot pant proteção uv50
Search - Hot Pant,Hot Pant,Hot Pant | Surf,Compra/Uso,Frase,hot pant surf
Search - Hot Pant,Hot Pant,Hot Pant | Surf,Compra/Uso,Frase,hot pant para surfar
Search - Hot Pant,Hot Pant,Hot Pant | Surf,Compra/Uso,Frase,roupa de surf feminina
Search - Hot Pant,Hot Pant,Hot Pant | Surf,Compra/Uso,Frase,conjunto surf feminino
Search - Hot Pant,Hot Pant,Hot Pant | Surf,Compra/Uso,Frase,hot pant surf feminino
Search - Hot Pant,Hot Pant,Hot Pant | Surf,Compra/Uso,Frase,roupa para surfar feminina
Search - Hot Pant,Hot Pant,Hot Pant | Surf,Compra/Uso,Frase,lycra de surf feminina
Search - Hot Pant,Hot Pant,Hot Pant | Top Nadador,Compra/Modelo,Frase,hot pant top nadador
Search - Hot Pant,Hot Pant,Hot Pant | Top Nadador,Compra/Modelo,Frase,top nadador
Search - Hot Pant,Hot Pant,Hot Pant | Top Nadador,Compra/Modelo,Frase,top nadador esporte
Search - Hot Pant,Hot Pant,Hot Pant | Top Nadador,Compra/Modelo,Frase,hot pant nadador feminino
Search - Hot Pant,Hot Pant,Hot Pant | Cropped,Compra/Modelo,Frase,hot pant cropped
Search - Hot Pant,Hot Pant,Hot Pant | Cropped,Compra/Modelo,Frase,cropped manga 3/4
Search - Hot Pant,Hot Pant,Hot Pant | Cropped,Compra/Modelo,Frase,top cropped surf
Search - Hot Pant,Hot Pant,Hot Pant | Cropped,Compra/Modelo,Frase,conjunto cropped praia
Search - Hot Pant,Hot Pant,Hot Pant | Fitness/Esporte,Compra/Uso,Frase,hot pant fitness
Search - Hot Pant,Hot Pant,Hot Pant | Fitness/Esporte,Compra/Uso,Frase,hot pant academia
Search - Hot Pant,Hot Pant,Hot Pant | Fitness/Esporte,Compra/Uso,Frase,hot pant esporte
Search - Hot Pant,Hot Pant,Hot Pant | Fitness/Esporte,Compra/Uso,Frase,short hot pant fitness
Search - Hot Pant,Hot Pant,Hot Pant | Comercial,Fundo/Comercial,Frase,comprar hot pant
Search - Hot Pant,Hot Pant,Hot Pant | Comercial,Fundo/Comercial,Frase,hot pant online
Search - Hot Pant,Hot Pant,Hot Pant | Comercial,Fundo/Comercial,Frase,loja de hot pant
Search - Hot Pant,Hot Pant,Hot Pant | Comercial,Fundo/Comercial,Frase,hot pant preço
Search - Hot Pant,Hot Pant,Hot Pant | Comercial,Fundo/Comercial,Frase,hot pant barato
Search - Hot Pant,Hot Pant,Hot Pant | Comercial,Fundo/Comercial,Frase,hot pant frete grátis
Search - Hot Pant,Hot Pant,Hot Pant | Comercial,Fundo/Comercial,Frase,conjunto hot pant preço
Search - Hot Pant,Hot Pant,Hot Pant | Comercial,Fundo/Comercial,Frase,hot pant onde comprar
Search - Marca e Consideração,Marca,Marca | Use Zero Hora,Marca,Frase,use zero hora
Search - Marca e Consideração,Marca,Marca | Use Zero Hora,Marca,Frase,use zero hora biquíni
Search - Marca e Consideração,Marca,Marca | Use Zero Hora,Marca,Frase,use zero hora hot pant
Search - Marca e Consideração,Marca,Marca | Use Zero Hora,Marca,Frase,zero hora surf
Search - Marca e Consideração,Marca,Marca | Use Zero Hora,Marca,Frase,zero hora beachwear
Search - Marca e Consideração,Marca,Marca | Use Zero Hora,Marca,Frase,use zero hora moda praia
Search - Marca e Consideração,Ambas,Consideração | Dúvidas (SEO),Topo/SEO,Ampla,qual o melhor biquíni para surfar
Search - Marca e Consideração,Ambas,Consideração | Dúvidas (SEO),Topo/SEO,Ampla,como escolher biquíni
Search - Marca e Consideração,Ambas,Consideração | Dúvidas (SEO),Topo/SEO,Ampla,melhor biquíni para praia
Search - Marca e Consideração,Ambas,Consideração | Dúvidas (SEO),Topo/SEO,Ampla,o que é hot pant
Search - Marca e Consideração,Ambas,Consideração | Dúvidas (SEO),Topo/SEO,Ampla,para que serve hot pant
Search - Marca e Consideração,Ambas,Consideração | Dúvidas (SEO),Topo/SEO,Ampla,hot pant serve para surf
Search - Marca e Consideração,Ambas,Consideração | Dúvidas (SEO),Topo/SEO,Ampla,biquíni ou hot pant para surfar
Search - Marca e Consideração,Ambas,Consideração | Dúvidas (SEO),Topo/SEO,Ampla,qual roupa usar para surfar feminina
