Shared Set,Keyword,Match Type,Grupo
Negativas Biquíni & Hot Pant,jornal,Phrase,Marca/Jornal (colisão)
Negativas Biquíni & Hot Pant,jornais,Phrase,Marca/Jornal (colisão)
Negativas Biquíni & Hot Pant,noticia,Phrase,Marca/Jornal (colisão)
Negativas Biquíni & Hot Pant,noticias,Phrase,Marca/Jornal (colisão)
Negativas Biquíni & Hot Pant,notícia,Phrase,Marca/Jornal (colisão)
Negativas Biquíni & Hot Pant,notícias,Phrase,Marca/Jornal (colisão)
Negativas Biquíni & Hot Pant,gzh,Phrase,Marca/Jornal (colisão)
Negativas Biquíni & Hot Pant,rbs,Phrase,Marca/Jornal (colisão)
Negativas Biquíni & Hot Pant,clicrbs,Phrase,Marca/Jornal (colisão)
Negativas Biquíni & Hot Pant,assinar,Phrase,Marca/Jornal (colisão)
Negativas Biquíni & Hot Pant,assinatura,Phrase,Marca/Jornal (colisão)
Negativas Biquíni & Hot Pant,jornal zero hora,Phrase,Marca/Jornal (colisão)
Negativas Biquíni & Hot Pant,zero hora jornal,Phrase,Marca/Jornal (colisão)
Negativas Biquíni & Hot Pant,edição,Phrase,Marca/Jornal (colisão)
Negativas Biquíni & Hot Pant,previsão do tempo,Phrase,Marca/Jornal (colisão)
Negativas Biquíni & Hot Pant,molde,Phrase,DIY/Tutorial
Negativas Biquíni & Hot Pant,moldes,Phrase,DIY/Tutorial
Negativas Biquíni & Hot Pant,molde de biquini,Phrase,DIY/Tutorial
Negativas Biquíni & Hot Pant,como fazer,Phrase,DIY/Tutorial
Negativas Biquíni & Hot Pant,passo a passo,Phrase,DIY/Tutorial
Negativas Biquíni & Hot Pant,croche,Phrase,DIY/Tutorial
Negativas Biquíni & Hot Pant,crochê,Phrase,DIY/Tutorial
Negativas Biquíni & Hot Pant,costurar,Phrase,DIY/Tutorial
Negativas Biquíni & Hot Pant,costura,Phrase,DIY/Tutorial
Negativas Biquíni & Hot Pant,apostila,Phrase,DIY/Tutorial
Negativas Biquíni & Hot Pant,pdf,Phrase,DIY/Tutorial
Negativas Biquíni & Hot Pant,papel,Phrase,DIY/Tutorial
Negativas Biquíni & Hot Pant,de eva,Phrase,DIY/Tutorial
Negativas Biquíni & Hot Pant,feltro,Phrase,DIY/Tutorial
Negativas Biquíni & Hot Pant,para colorir,Phrase,DIY/Tutorial
Negativas Biquíni & Hot Pant,desenho,Phrase,DIY/Tutorial
Negativas Biquíni & Hot Pant,tutorial,Phrase,DIY/Tutorial
Negativas Biquíni & Hot Pant,gratis,Phrase,Baixa intenção
Negativas Biquíni & Hot Pant,grátis,Phrase,Baixa intenção
Negativas Biquíni & Hot Pant,download,Phrase,Baixa intenção
Negativas Biquíni & Hot Pant,usado,Phrase,Baixa intenção
Negativas Biquíni & Hot Pant,usada,Phrase,Baixa intenção
Negativas Biquíni & Hot Pant,brecho,Phrase,Baixa intenção
Negativas Biquíni & Hot Pant,brechó,Phrase,Baixa intenção
Negativas Biquíni & Hot Pant,aluguel,Phrase,Baixa intenção
Negativas Biquíni & Hot Pant,alugar,Phrase,Baixa intenção
Negativas Biquíni & Hot Pant,atacado,Phrase,Baixa intenção
Negativas Biquíni & Hot Pant,revenda,Phrase,Baixa intenção
Negativas Biquíni & Hot Pant,segunda mao,Phrase,Baixa intenção
Negativas Biquíni & Hot Pant,segunda mão,Phrase,Baixa intenção
Negativas Biquíni & Hot Pant,infantil,Phrase,Fora do alvo
Negativas Biquíni & Hot Pant,criança,Phrase,Fora do alvo
Negativas Biquíni & Hot Pant,crianca,Phrase,Fora do alvo
Negativas Biquíni & Hot Pant,bebe,Phrase,Fora do alvo
Negativas Biquíni & Hot Pant,bebê,Phrase,Fora do alvo
Negativas Biquíni & Hot Pant,masculino,Phrase,Fora do alvo
Negativas Biquíni & Hot Pant,boneca,Phrase,Fora do alvo
Negativas Biquíni & Hot Pant,roupa de boneca,Phrase,Fora do alvo
