Campaign,Ad Group,Headline 1,Headline 1 position,Headline 2,Headline 2 position,Headline 3,Headline 3 position,Headline 4,Headline 4 position,Headline 5,Headline 5 position,Headline 6,Headline 6 position,Headline 7,Headline 7 position,Headline 8,Headline 8 position,Headline 9,Headline 9 position,Headline 10,Headline 10 position,Headline 11,Headline 11 position,Headline 12,Headline 12 position,Headline 13,Headline 13 position,Headline 14,Headline 14 position,Headline 15,Headline 15 position,Description 1,Description 2,Description 3,Description 4,Path 1,Path 2,Final URL,Status
Search - Biquínis,Biquíni | Genérico,Biquíni Feminino da Marca,1,Biquíni de Praia e Surf,,Moda Praia Feminina,,Biquíni para o Verão,,Novos Modelos de Biquíni,,Fabricação Própria,,Feito para o Mar,,Direto da Marca,,Envio para Todo o Brasil,,Cores que Saem na Foto,,Moda Praia e Surf,,Beachwear com Assinatura,,Compre Online Agora,,Modelagem que Valoriza,,Peças para Surfar,,Biquínis da Use Zero Hora: fabricação própria e cores que aparecem no mar.,Fabricação própria e cores que aparecem no mar. Compre direto da Use Zero Hora.,Beachwear feito para surfar: fica no lugar na água e ainda sai bem na foto.,Moda praia da marca com envio para todo o Brasil. Compre online agora mesmo.,biquini,empina-bumbum,https://usezerohora.com.br/biquini,Enabled
Search - Biquínis,Biquíni | Empina Bumbum,Biquíni Empina Bumbum,1,Cortininha Empina Bumbum,,Efeito que Levanta,,Empina Bumbum Sem Bojo,,Modelagem que Valoriza,,Fabricação Própria,,Feito para o Mar,,Direto da Marca,,Envio para Todo o Brasil,,Cores que Saem na Foto,,Moda Praia e Surf,,Beachwear com Assinatura,,Compre Online Agora,,Peças para Surfar,,Estilo de Praia e Surf,,"Biquíni empina bumbum cortininha, com modelagem que levanta e valoriza o corpo.",Fabricação própria e cores que aparecem no mar. Compre direto da Use Zero Hora.,Beachwear feito para surfar: fica no lugar na água e ainda sai bem na foto.,Moda praia da marca com envio para todo o Brasil. Compre online agora mesmo.,biquini,empina-bumbum,https://usezerohora.com.br/biquini,Enabled
Search - Biquínis,Biquíni | Cortininha,Biquíni Cortininha,1,Cortininha Sem Bojo,,Cortininha Premium,,Alcinha Regulável,,Top Cortininha,,Fabricação Própria,,Feito para o Mar,,Direto da Marca,,Envio para Todo o Brasil,,Cores que Saem na Foto,,Moda Praia e Surf,,Beachwear com Assinatura,,Compre Online Agora,,Modelagem que Valoriza,,Peças para Surfar,,"Biquíni cortininha da marca, com alcinha regulável e caimento que fica no lugar.",Fabricação própria e cores que aparecem no mar. Compre direto da Use Zero Hora.,Beachwear feito para surfar: fica no lugar na água e ainda sai bem na foto.,Moda praia da marca com envio para todo o Brasil. Compre online agora mesmo.,biquini,empina-bumbum,https://usezerohora.com.br/biquini,Enabled
Search - Biquínis,Biquíni | Asa Delta,Biquíni Asa Delta,1,Top Asa Delta Fixo,,Asa Delta Bicolor,,Alça Fixa que Sustenta,,Top Asa Delta,,Fabricação Própria,,Feito para o Mar,,Direto da Marca,,Envio para Todo o Brasil,,Cores que Saem na Foto,,Moda Praia e Surf,,Beachwear com Assinatura,,Compre Online Agora,,Modelagem que Valoriza,,Peças para Surfar,,"Biquíni asa delta com alça fixa que sustenta, em versões lisas e bicolor.",Fabricação própria e cores que aparecem no mar. Compre direto da Use Zero Hora.,Beachwear feito para surfar: fica no lugar na água e ainda sai bem na foto.,Moda praia da marca com envio para todo o Brasil. Compre online agora mesmo.,biquini,empina-bumbum,https://usezerohora.com.br/biquini,Enabled
Search - Biquínis,Biquíni | Sem Bojo,Biquíni Sem Bojo,1,Top Sem Bojo,,Sem Enchimento,,Natural e Confortável,,Cortininha Sem Bojo,,Fabricação Própria,,Feito para o Mar,,Direto da Marca,,Envio para Todo o Brasil,,Cores que Saem na Foto,,Moda Praia e Surf,,Beachwear com Assinatura,,Compre Online Agora,,Modelagem que Valoriza,,Peças para Surfar,,"Biquíni sem bojo, sem enchimento: leve, natural e confortável no corpo.",Fabricação própria e cores que aparecem no mar. Compre direto da Use Zero Hora.,Beachwear feito para surfar: fica no lugar na água e ainda sai bem na foto.,Moda praia da marca com envio para todo o Brasil. Compre online agora mesmo.,biquini,empina-bumbum,https://usezerohora.com.br/biquini,Enabled
Search - Biquínis,Biquíni | Esportivo/Surf/Futevôlei,Biquíni para Surfar,1,Biquíni Esportivo,,Não Sai na Onda,,Biquíni de Futevôlei,,Top Fixo de Esporte,,Fabricação Própria,,Feito para o Mar,,Direto da Marca,,Envio para Todo o Brasil,,Cores que Saem na Foto,,Moda Praia e Surf,,Beachwear com Assinatura,,Compre Online Agora,,Modelagem que Valoriza,,Peças para Surfar,,"Biquíni esportivo que não sai na onda: feito para surf, futevôlei e praia.",Fabricação própria e cores que aparecem no mar. Compre direto da Use Zero Hora.,Beachwear feito para surfar: fica no lugar na água e ainda sai bem na foto.,Moda praia da marca com envio para todo o Brasil. Compre online agora mesmo.,biquini,empina-bumbum,https://usezerohora.com.br/biquini,Enabled
Search - Biquínis,Biquíni | Fio Dental,Biquíni Fio Dental,1,Fio Dental Cortininha,,Modelagem Cavada,,Tanga Fio Dental,,Marca de Sol Menor,,Fabricação Própria,,Feito para o Mar,,Direto da Marca,,Envio para Todo o Brasil,,Cores que Saem na Foto,,Moda Praia e Surf,,Beachwear com Assinatura,,Compre Online Agora,,Modelagem que Valoriza,,Peças para Surfar,,"Biquíni fio dental cortininha, modelagem cavada que valoriza e marca menos.",Fabricação própria e cores que aparecem no mar. Compre direto da Use Zero Hora.,Beachwear feito para surfar: fica no lugar na água e ainda sai bem na foto.,Moda praia da marca com envio para todo o Brasil. Compre online agora mesmo.,biquini,empina-bumbum,https://usezerohora.com.br/biquini,Enabled
Search - Biquínis,Biquíni | Comercial,Comprar Biquíni Online,1,Loja de Biquíni Online,,Biquíni Direto da Marca,,Comprar na Loja Oficial,,Biquíni com Envio Nacional,,Fabricação Própria,,Feito para o Mar,,Direto da Marca,,Envio para Todo o Brasil,,Cores que Saem na Foto,,Moda Praia e Surf,,Beachwear com Assinatura,,Compre Online Agora,,Modelagem que Valoriza,,Peças para Surfar,,"Compre biquíni direto da Use Zero Hora, com envio para todo o Brasil.",Fabricação própria e cores que aparecem no mar. Compre direto da Use Zero Hora.,Beachwear feito para surfar: fica no lugar na água e ainda sai bem na foto.,Moda praia da marca com envio para todo o Brasil. Compre online agora mesmo.,biquini,empina-bumbum,https://usezerohora.com.br/biquini,Enabled
Search - Hot Pant,Hot Pant | Genérico,Hot Pant Feminino da Marca,1,Conjunto Hot Pant,,Hot Pant de Praia,,Moda Praia com Hot Pant,,Novos Modelos de Hot Pant,,Fabricação Própria,,Feito para o Mar,,Direto da Marca,,Envio para Todo o Brasil,,Cores que Saem na Foto,,Moda Praia e Surf,,Beachwear com Assinatura,,Compre Online Agora,,Modelagem que Valoriza,,Peças para Surfar,,"Hot pant da Use Zero Hora: beachwear de fabricação própria, feito para o mar.",Fabricação própria e cores que aparecem no mar. Compre direto da Use Zero Hora.,Beachwear feito para surfar: fica no lugar na água e ainda sai bem na foto.,Moda praia da marca com envio para todo o Brasil. Compre online agora mesmo.,hot-pant,surf,https://usezerohora.com.br/hot-pant,Enabled
Search - Hot Pant,Hot Pant | Manga 3/4 e Manga Longa,Hot Pant Manga 3/4,1,Hot Pant Manga Longa,,Conjunto Manga 3/4,,Top Manga 3/4 de Surf,,Cobre e Protege do Sol,,Fabricação Própria,,Feito para o Mar,,Direto da Marca,,Envio para Todo o Brasil,,Cores que Saem na Foto,,Moda Praia e Surf,,Beachwear com Assinatura,,Compre Online Agora,,Modelagem que Valoriza,,Peças para Surfar,,"Hot pant manga 3/4 com proteção solar, feito para surfar sem se preocupar.",Fabricação própria e cores que aparecem no mar. Compre direto da Use Zero Hora.,Beachwear feito para surfar: fica no lugar na água e ainda sai bem na foto.,Moda praia da marca com envio para todo o Brasil. Compre online agora mesmo.,hot-pant,surf,https://usezerohora.com.br/hot-pant,Enabled
Search - Hot Pant,Hot Pant | Proteção Solar UV50,Hot Pant Proteção UV50,1,Proteção Solar UV50,,Roupa com Proteção UV,,Protege na Água,,Feito para o Sol Forte,,Fabricação Própria,,Feito para o Mar,,Direto da Marca,,Envio para Todo o Brasil,,Cores que Saem na Foto,,Moda Praia e Surf,,Beachwear com Assinatura,,Compre Online Agora,,Modelagem que Valoriza,,Peças para Surfar,,"Hot pant com proteção solar UV50 de verdade, para horas de sol dentro da água.",Fabricação própria e cores que aparecem no mar. Compre direto da Use Zero Hora.,Beachwear feito para surfar: fica no lugar na água e ainda sai bem na foto.,Moda praia da marca com envio para todo o Brasil. Compre online agora mesmo.,hot-pant,surf,https://usezerohora.com.br/hot-pant,Enabled
Search - Hot Pant,Hot Pant | Surf,Hot Pant para Surfar,1,Roupa de Surf Feminina,,Conjunto de Surf,,Não Sai na Onda,,Feito para o Surf,,Fabricação Própria,,Feito para o Mar,,Direto da Marca,,Envio para Todo o Brasil,,Cores que Saem na Foto,,Moda Praia e Surf,,Beachwear com Assinatura,,Compre Online Agora,,Modelagem que Valoriza,,Peças para Surfar,,Hot pant de surf feminino: fica no lugar na onda e protege do sol e do atrito.,Fabricação própria e cores que aparecem no mar. Compre direto da Use Zero Hora.,Beachwear feito para surfar: fica no lugar na água e ainda sai bem na foto.,Moda praia da marca com envio para todo o Brasil. Compre online agora mesmo.,hot-pant,surf,https://usezerohora.com.br/hot-pant,Enabled
Search - Hot Pant,Hot Pant | Top Nadador,Hot Pant Top Nadador,1,Top Nadador de Esporte,,Liberdade nos Braços,,Top Nadador Feminino,,Feito para o Movimento,,Fabricação Própria,,Feito para o Mar,,Direto da Marca,,Envio para Todo o Brasil,,Cores que Saem na Foto,,Moda Praia e Surf,,Beachwear com Assinatura,,Compre Online Agora,,Modelagem que Valoriza,,Peças para Surfar,,Hot pant top nadador: recorte esportivo que dá liberdade de braço na água.,Fabricação própria e cores que aparecem no mar. Compre direto da Use Zero Hora.,Beachwear feito para surfar: fica no lugar na água e ainda sai bem na foto.,Moda praia da marca com envio para todo o Brasil. Compre online agora mesmo.,hot-pant,surf,https://usezerohora.com.br/hot-pant,Enabled
Search - Hot Pant,Hot Pant | Cropped,Hot Pant Cropped,1,Top Cropped de Surf,,Cropped Manga 3/4,,Conjunto Cropped,,Estilo e Proteção,,Fabricação Própria,,Feito para o Mar,,Direto da Marca,,Envio para Todo o Brasil,,Cores que Saem na Foto,,Moda Praia e Surf,,Beachwear com Assinatura,,Compre Online Agora,,Modelagem que Valoriza,,Peças para Surfar,,"Hot pant cropped manga 3/4: estilo com proteção, do surf à beira da piscina.",Fabricação própria e cores que aparecem no mar. Compre direto da Use Zero Hora.,Beachwear feito para surfar: fica no lugar na água e ainda sai bem na foto.,Moda praia da marca com envio para todo o Brasil. Compre online agora mesmo.,hot-pant,surf,https://usezerohora.com.br/hot-pant,Enabled
Search - Hot Pant,Hot Pant | Fitness/Esporte,Hot Pant Fitness,1,Hot Pant de Academia,,Hot Pant de Esporte,,Do Treino à Praia,,Segunda Pele no Corpo,,Fabricação Própria,,Feito para o Mar,,Direto da Marca,,Envio para Todo o Brasil,,Cores que Saem na Foto,,Moda Praia e Surf,,Beachwear com Assinatura,,Compre Online Agora,,Modelagem que Valoriza,,Peças para Surfar,,"Hot pant fitness que vai do treino à praia, como uma segunda pele no corpo.",Fabricação própria e cores que aparecem no mar. Compre direto da Use Zero Hora.,Beachwear feito para surfar: fica no lugar na água e ainda sai bem na foto.,Moda praia da marca com envio para todo o Brasil. Compre online agora mesmo.,hot-pant,surf,https://usezerohora.com.br/hot-pant,Enabled
Search - Hot Pant,Hot Pant | Comercial,Comprar Hot Pant Online,1,Loja de Hot Pant,,Hot Pant Direto da Marca,,Comprar na Loja Oficial,,Conjunto com Envio Nacional,,Fabricação Própria,,Feito para o Mar,,Direto da Marca,,Envio para Todo o Brasil,,Cores que Saem na Foto,,Moda Praia e Surf,,Beachwear com Assinatura,,Compre Online Agora,,Modelagem que Valoriza,,Peças para Surfar,,"Compre hot pant direto da Use Zero Hora, com envio para todo o Brasil.",Fabricação própria e cores que aparecem no mar. Compre direto da Use Zero Hora.,Beachwear feito para surfar: fica no lugar na água e ainda sai bem na foto.,Moda praia da marca com envio para todo o Brasil. Compre online agora mesmo.,hot-pant,surf,https://usezerohora.com.br/hot-pant,Enabled
Search - Marca e Consideração,Marca | Use Zero Hora,Use Zero Hora Oficial,1,Loja Oficial da Marca,,Surf e Beachwear,,Biquíni e Hot Pant,,Direto de Quem Fabrica,,Fabricação Própria,,Feito para o Mar,,Direto da Marca,,Envio para Todo o Brasil,,Cores que Saem na Foto,,Moda Praia e Surf,,Beachwear com Assinatura,,Compre Online Agora,,Modelagem que Valoriza,,Peças para Surfar,,Use Zero Hora: surf e beachwear de fabricação própria. Compre na loja oficial.,Fabricação própria e cores que aparecem no mar. Compre direto da Use Zero Hora.,Beachwear feito para surfar: fica no lugar na água e ainda sai bem na foto.,Moda praia da marca com envio para todo o Brasil. Compre online agora mesmo.,use-zero-hora,surf,https://usezerohora.com.br/,Enabled
Search - Marca e Consideração,Consideração | Dúvidas (SEO),Biquíni ou Hot Pant?,1,Qual Usar para Surfar,,Guia para Escolher,,Feito para o Surf,,Modelos para o Mar,,Fabricação Própria,,Feito para o Mar,,Direto da Marca,,Envio para Todo o Brasil,,Cores que Saem na Foto,,Moda Praia e Surf,,Beachwear com Assinatura,,Compre Online Agora,,Modelagem que Valoriza,,Peças para Surfar,,Não sabe qual escolher para surfar? Conheça os modelos da Use Zero Hora.,Fabricação própria e cores que aparecem no mar. Compre direto da Use Zero Hora.,Beachwear feito para surfar: fica no lugar na água e ainda sai bem na foto.,Moda praia da marca com envio para todo o Brasil. Compre online agora mesmo.,use-zero-hora,surf,https://usezerohora.com.br/,Enabled
