Campaign,Campaign Type,Campaign Daily Budget,Bid Strategy Type,Ad Group,Keyword,Match Type,Campaign Negative Keyword,Ad Type,Headline 1,Headline 2,Headline 3,Headline 4,Headline 5,Headline 6,Headline 7,Headline 8,Headline 9,Headline 10,Headline 11,Headline 12,Headline 13,Headline 14,Headline 15,Description 1,Description 2,Description 3,Description 4,Path 1,Path 2,Final URL
ZH | Search | Saída de Praia,Search,30.00,Maximize conversions,,,,,,,,,,,,,,,,,,,,,,,,,,,
ZH | Search | Saída de Praia,,,,AG0 · Saída de Praia Zero Hora,,,,,,,,,,,,,,,,,,,,,,,,,,
ZH | Search | Saída de Praia,,,,AG0 · Saída de Praia Zero Hora,saída de praia zero hora,Exact,,,,,,,,,,,,,,,,,,,,,,,,
ZH | Search | Saída de Praia,,,,AG0 · Saída de Praia Zero Hora,use zero hora saída de praia,Phrase,,,,,,,,,,,,,,,,,,,,,,,,
ZH | Search | Saída de Praia,,,,AG0 · Saída de Praia Zero Hora,saída de praia use zero hora,Phrase,,,,,,,,,,,,,,,,,,,,,,,,
ZH | Search | Saída de Praia,,,,AG0 · Saída de Praia Zero Hora,,,,Responsive search ad,Saída de Praia Zero Hora,Loja Oficial Zero Hora,Zero Hora Beach Wear,Saídas de Praia Femininas,Coleção Saída de Praia,"A Partir de R$49,99",Vestidos e Saias de Praia,Moda Praia Feminina,Transparência e Tule,Compre na Loja Oficial,Novos Modelos 2026,Veja a Coleção Completa,Saída de Praia Elegante,Compre Online com Segurança,Pronta Entrega,"Saídas de praia Zero Hora: vestidos, saias e conjuntos. A partir de R$49,99.",Loja oficial Use Zero Hora. Vários modelos com transparência e tule.,Escolha sua saída de praia e compre online com segurança. Pronta entrega.,Moda praia feminina direto da marca. Veja a coleção completa Zero Hora.,saida-de-praia,zero-hora,https://usezerohora.lojavirtualnuvem.com.br/saida-de-praia
ZH | Search | Saída de Praia,,,,AG1 · Vestido Saída de Praia,,,,,,,,,,,,,,,,,,,,,,,,,,
ZH | Search | Saída de Praia,,,,AG1 · Vestido Saída de Praia,vestido saída de praia,Exact,,,,,,,,,,,,,,,,,,,,,,,,
ZH | Search | Saída de Praia,,,,AG1 · Vestido Saída de Praia,saída de praia vestido,Exact,,,,,,,,,,,,,,,,,,,,,,,,
ZH | Search | Saída de Praia,,,,AG1 · Vestido Saída de Praia,vestido saída de praia longo,Phrase,,,,,,,,,,,,,,,,,,,,,,,,
ZH | Search | Saída de Praia,,,,AG1 · Vestido Saída de Praia,saída de praia manga longa,Phrase,,,,,,,,,,,,,,,,,,,,,,,,
ZH | Search | Saída de Praia,,,,AG1 · Vestido Saída de Praia,vestido de praia feminino,Phrase,,,,,,,,,,,,,,,,,,,,,,,,
ZH | Search | Saída de Praia,,,,AG1 · Vestido Saída de Praia,,,,Responsive search ad,Vestido Saída de Praia,Vestido de Praia Feminino,Saída de Praia Vestido,Vestido Midi de Praia,Vestido Manga Longa Praia,Vestidos c/ Transparência,"A Partir de R$79,99",Vários Modelos e Estampas,Compre seu Vestido Online,Vestido de Praia Elegante,"Onça, Floral e Liso",Zero Hora Beach Wear,Veja a Coleção de Vestidos,Loja Oficial Zero Hora,Pronta Entrega,"Vestidos saída de praia com transparência. Midi, manga longa e regata.","Vários modelos e estampas. A partir de R$79,99 na loja oficial Zero Hora.",Compre seu vestido de praia online com segurança. Pronta entrega.,"Do básico ao estampado: onça, floral e liso. Veja a coleção Zero Hora.",saida-de-praia,vestido,https://usezerohora.lojavirtualnuvem.com.br/saida-de-praia/vestido
ZH | Search | Saída de Praia,,,,AG2 · Transparência / Tule,,,,,,,,,,,,,,,,,,,,,,,,,,
ZH | Search | Saída de Praia,,,,AG2 · Transparência / Tule,saída de praia transparente,Exact,,,,,,,,,,,,,,,,,,,,,,,,
ZH | Search | Saída de Praia,,,,AG2 · Transparência / Tule,saída de praia renda,Phrase,,,,,,,,,,,,,,,,,,,,,,,,
ZH | Search | Saída de Praia,,,,AG2 · Transparência / Tule,saída de praia de tule,Phrase,,,,,,,,,,,,,,,,,,,,,,,,
ZH | Search | Saída de Praia,,,,AG2 · Transparência / Tule,vestido transparente praia,Phrase,,,,,,,,,,,,,,,,,,,,,,,,
ZH | Search | Saída de Praia,,,,AG2 · Transparência / Tule,,,,Responsive search ad,Saída de Praia Transparente,Saída de Praia de Tule,Saída de Praia em Renda,Vestido Transparente Praia,"Tule, Renda e Transparência",Modelos c/ Transparência,"A Partir de R$49,99",Saídas de Praia Femininas,Compre Online Zero Hora,Elegância na Praia,Vestidos e Saias em Tule,Loja Oficial Zero Hora,Veja a Coleção Completa,Novos Modelos 2026,Pronta Entrega,"Saídas de praia com transparência: tule, renda e drapeados. A partir de R$49,99.",Vestidos e saias transparentes para a praia. Loja oficial Zero Hora.,Compre online com segurança e receba em casa. Pronta entrega Zero Hora.,Elegância na praia com peças em tule e renda. Veja a coleção completa.,saida-de-praia,transparencia,https://usezerohora.lojavirtualnuvem.com.br/saida-de-praia/transparencia
ZH | Search | Saída de Praia,,,,AG3 · Saia de Praia,,,,,,,,,,,,,,,,,,,,,,,,,,
ZH | Search | Saída de Praia,,,,AG3 · Saia de Praia,saída de praia saia,Phrase,,,,,,,,,,,,,,,,,,,,,,,,
ZH | Search | Saída de Praia,,,,AG3 · Saia de Praia,saia saída de praia,Phrase,,,,,,,,,,,,,,,,,,,,,,,,
ZH | Search | Saída de Praia,,,,AG3 · Saia de Praia,saia de praia transparente,Phrase,,,,,,,,,,,,,,,,,,,,,,,,
ZH | Search | Saída de Praia,,,,AG3 · Saia de Praia,saia de tule praia,Phrase,,,,,,,,,,,,,,,,,,,,,,,,
ZH | Search | Saída de Praia,,,,AG3 · Saia de Praia,,,,Responsive search ad,Saia Saída de Praia,Saia de Praia Transparente,Saia de Tule para Praia,Saída de Praia Saia,Saias de Praia Femininas,Saia Drapeada de Praia,"A Partir de R$49,99",Vários Modelos de Saia,Compre sua Saia Online,Saia Curta de Praia,Zero Hora Beach Wear,Tule e Transparência,Veja a Coleção de Saias,Loja Oficial Zero Hora,Pronta Entrega,"Saias saída de praia em tule e transparência. A partir de R$49,99.",Saias curtas e drapeadas para a praia. Loja oficial Zero Hora.,Compre sua saia de praia online com segurança. Pronta entrega.,Vários modelos e estampas de saia. Veja a coleção completa Zero Hora.,saida-de-praia,saia,https://usezerohora.lojavirtualnuvem.com.br/saida-de-praia/saia
ZH | Search | Saída de Praia,,,,AG4 · Categoria Genérico,,,,,,,,,,,,,,,,,,,,,,,,,,
ZH | Search | Saída de Praia,,,,AG4 · Categoria Genérico,saída de praia feminina,Exact,,,,,,,,,,,,,,,,,,,,,,,,
ZH | Search | Saída de Praia,,,,AG4 · Categoria Genérico,saída de praia longa elegante,Phrase,,,,,,,,,,,,,,,,,,,,,,,,
ZH | Search | Saída de Praia,,,,AG4 · Categoria Genérico,saída de praia,Phrase,,,,,,,,,,,,,,,,,,,,,,,,
ZH | Search | Saída de Praia,,,,AG4 · Categoria Genérico,saída de praia elegante,Phrase,,,,,,,,,,,,,,,,,,,,,,,,
ZH | Search | Saída de Praia,,,,AG4 · Categoria Genérico,saídas de praia,Phrase,,,,,,,,,,,,,,,,,,,,,,,,
ZH | Search | Saída de Praia,,,,AG4 · Categoria Genérico,saídas de praia elegantes,Phrase,,,,,,,,,,,,,,,,,,,,,,,,
ZH | Search | Saída de Praia,,,,AG4 · Categoria Genérico,saída de praia curta,Phrase,,,,,,,,,,,,,,,,,,,,,,,,
ZH | Search | Saída de Praia,,,,AG4 · Categoria Genérico,modelos de saída de praia,Phrase,,,,,,,,,,,,,,,,,,,,,,,,
ZH | Search | Saída de Praia,,,,AG4 · Categoria Genérico,modelo de saída de praia,Phrase,,,,,,,,,,,,,,,,,,,,,,,,
ZH | Search | Saída de Praia,,,,AG4 · Categoria Genérico,roupa de praia feminina,Phrase,,,,,,,,,,,,,,,,,,,,,,,,
ZH | Search | Saída de Praia,,,,AG4 · Categoria Genérico,,,,Responsive search ad,Saída de Praia Feminina,Saídas de Praia,Saída de Praia Elegante,Coleção Saída de Praia,Vestidos e Saias de Praia,"A Partir de R$49,99",Vários Modelos e Estampas,Saída de Praia Longa,Saída de Praia Curta,Moda Praia Feminina,Compre Online Zero Hora,Transparência e Tule,Loja Oficial Zero Hora,Novos Modelos 2026,Veja a Coleção Completa,"Saídas de praia femininas: vestidos, saias e conjuntos. A partir de R$49,99.","Vários modelos, estampas e tamanhos. Loja oficial Zero Hora Beach Wear.",Compre online com segurança e receba em casa. Pronta entrega.,"Do curto ao longo, com transparência e tule. Veja a coleção completa.",saida-de-praia,feminina,https://usezerohora.lojavirtualnuvem.com.br/saida-de-praia
ZH | Search | Saída de Praia,,,,,,Phrase,saída de praia riachuelo,,,,,,,,,,,,,,,,,,,,,,,
ZH | Search | Saída de Praia,,,,,,Phrase,saída de praia shein,,,,,,,,,,,,,,,,,,,,,,,
ZH | Search | Saída de Praia,,,,,,Phrase,biquínis e saídas de praia,,,,,,,,,,,,,,,,,,,,,,,
ZH | Search | Saída de Praia,,,,,,Phrase,saída de emergência,,,,,,,,,,,,,,,,,,,,,,,
ZH | Search | Saída de Praia,,,,,,Phrase,saída de ar,,,,,,,,,,,,,,,,,,,,,,,
ZH | Search | Saída de Praia,,,,,,Phrase,saída de água,,,,,,,,,,,,,,,,,,,,,,,
ZH | Search | Saída de Praia,,,,,,Phrase,saída de fumaça,,,,,,,,,,,,,,,,,,,,,,,
ZH | Search | Saída de Praia,,,,,,Phrase,saída de esgoto,,,,,,,,,,,,,,,,,,,,,,,
ZH | Search | Saída de Praia,,,,,,Phrase,saída de gás,,,,,,,,,,,,,,,,,,,,,,,
ZH | Search | Saída de Praia,,,,,,Broad,masculina,,,,,,,,,,,,,,,,,,,,,,,
ZH | Search | Saída de Praia,,,,,,Broad,masculino,,,,,,,,,,,,,,,,,,,,,,,
ZH | Search | Saída de Praia,,,,,,Broad,homem,,,,,,,,,,,,,,,,,,,,,,,
ZH | Search | Saída de Praia,,,,,,Broad,infantil,,,,,,,,,,,,,,,,,,,,,,,
ZH | Search | Saída de Praia,,,,,,Broad,kids,,,,,,,,,,,,,,,,,,,,,,,
ZH | Search | Saída de Praia,,,,,,Broad,menina,,,,,,,,,,,,,,,,,,,,,,,
ZH | Search | Saída de Praia,,,,,,Broad,menino,,,,,,,,,,,,,,,,,,,,,,,
ZH | Search | Saída de Praia,,,,,,Phrase,plus size,,,,,,,,,,,,,,,,,,,,,,,
ZH | Search | Saída de Praia,,,,,,Broad,molde,,,,,,,,,,,,,,,,,,,,,,,
ZH | Search | Saída de Praia,,,,,,Broad,crochê,,,,,,,,,,,,,,,,,,,,,,,
ZH | Search | Saída de Praia,,,,,,Broad,croche,,,,,,,,,,,,,,,,,,,,,,,
ZH | Search | Saída de Praia,,,,,,Phrase,passo a passo,,,,,,,,,,,,,,,,,,,,,,,
ZH | Search | Saída de Praia,,,,,,Phrase,como fazer,,,,,,,,,,,,,,,,,,,,,,,
ZH | Search | Saída de Praia,,,,,,Broad,pdf,,,,,,,,,,,,,,,,,,,,,,,
ZH | Search | Saída de Praia,,,,,,Broad,grátis,,,,,,,,,,,,,,,,,,,,,,,
ZH | Search | Saída de Praia,,,,,,Broad,tutorial,,,,,,,,,,,,,,,,,,,,,,,
ZH | Search | Saída de Praia,,,,,,Broad,costura,,,,,,,,,,,,,,,,,,,,,,,
ZH | Search | Saída de Praia,,,,,,Broad,aluguel,,,,,,,,,,,,,,,,,,,,,,,
ZH | Search | Saída de Praia,,,,,,Broad,usado,,,,,,,,,,,,,,,,,,,,,,,
ZH | Search | Saída de Praia,,,,,,Broad,usada,,,,,,,,,,,,,,,,,,,,,,,
ZH | Search | Saída de Praia,,,,,,Broad,brechó,,,,,,,,,,,,,,,,,,,,,,,
